"filename", "language", "Markdown", "HTML", "Rust", "TOML", "JSON", "JSON with Comments", "Ini", "Batch", "GLSL", "comment", "blank", "total"
"d:\pro_dev\DEV\dse0.1.1\dse_rust\build\List.ini", "Ini", 0, 0, 0, 0, 0, 0, 0, 0, 0, 0, 1, 1
"d:\pro_dev\DEV\dse0.1.1\dse_rust\build\config.ini", "Ini", 0, 0, 0, 0, 0, 0, 0, 0, 0, 0, 1, 1
"d:\pro_dev\DEV\dse0.1.1\dse_rust\build\debug\F5.bat", "Batch", 0, 0, 0, 0, 0, 0, 0, 10, 0, 0, 0, 10
"d:\pro_dev\DEV\dse0.1.1\dse_rust\build\debug\RemovePack.bat", "Batch", 0, 0, 0, 0, 0, 0, 0, 12, 0, 0, 0, 12
"d:\pro_dev\DEV\dse0.1.1\dse_rust\build\debug\compile2Run.bat", "Batch", 0, 0, 0, 0, 0, 0, 0, 26, 0, 0, 1, 27
"d:\pro_dev\DEV\dse0.1.1\dse_rust\build\debug\compile2mem_analzy.bat", "Batch", 0, 0, 0, 0, 0, 0, 0, 11, 0, 0, 0, 11
"d:\pro_dev\DEV\dse0.1.1\dse_rust\build\debug\compiling.bat", "Batch", 0, 0, 0, 0, 0, 0, 0, 14, 0, 0, 1, 15
"d:\pro_dev\DEV\dse0.1.1\dse_rust\build\debug\config.ini", "Ini", 0, 0, 0, 0, 0, 0, 4, 0, 0, 0, 0, 4
"d:\pro_dev\DEV\dse0.1.1\dse_rust\build\debug\creatPack.bat", "Batch", 0, 0, 0, 0, 0, 0, 0, 14, 0, 0, 0, 14
"d:\pro_dev\DEV\dse0.1.1\dse_rust\build\debug\formatting.bat", "Batch", 0, 0, 0, 0, 0, 0, 0, 9, 0, 0, 0, 9
"d:\pro_dev\DEV\dse0.1.1\dse_rust\build\debug\run.bat", "Batch", 0, 0, 0, 0, 0, 0, 0, 14, 0, 0, 2, 16
"d:\pro_dev\DEV\dse0.1.1\dse_rust\build\project\Build.bat", "Batch", 0, 0, 0, 0, 0, 0, 0, 13, 0, 0, 1, 14
"d:\pro_dev\DEV\dse0.1.1\dse_rust\build\project\CopyAsset.bat", "Batch", 0, 0, 0, 0, 0, 0, 0, 9, 0, 0, 0, 9
"d:\pro_dev\DEV\dse0.1.1\dse_rust\build\project\CopyRelease.bat", "Batch", 0, 0, 0, 0, 0, 0, 0, 9, 0, 0, 0, 9
"d:\pro_dev\DEV\dse0.1.1\dse_rust\build\project\config.ini", "Ini", 0, 0, 0, 0, 0, 0, 1, 0, 0, 0, 0, 1
"d:\pro_dev\DEV\dse0.1.1\dse_rust\build\test\config.ini", "Ini", 0, 0, 0, 0, 0, 0, 4, 0, 0, 0, 0, 4
"d:\pro_dev\DEV\dse0.1.1\dse_rust\build\test\test-all-macros.bat", "Batch", 0, 0, 0, 0, 0, 0, 0, 10, 0, 0, 0, 10
"d:\pro_dev\DEV\dse0.1.1\dse_rust\build\test\test-all.bat", "Batch", 0, 0, 0, 0, 0, 0, 0, 10, 0, 0, 0, 10
"d:\pro_dev\DEV\dse0.1.1\dse_rust\debug\Cargo.lock", "TOML", 0, 0, 0, 557, 0, 0, 0, 0, 0, 2, 73, 632
"d:\pro_dev\DEV\dse0.1.1\dse_rust\debug\Cargo.toml", "TOML", 0, 0, 0, 7, 0, 0, 0, 0, 0, 0, 2, 9
"d:\pro_dev\DEV\dse0.1.1\dse_rust\debug\asset\config\app\config.toml", "TOML", 0, 0, 0, 2, 0, 0, 0, 0, 0, 0, 0, 2
"d:\pro_dev\DEV\dse0.1.1\dse_rust\debug\asset\register\README.md", "Markdown", 4, 0, 0, 0, 0, 0, 0, 0, 0, 0, 4, 8
"d:\pro_dev\DEV\dse0.1.1\dse_rust\debug\asset\register\dat\mesh\reg.toml", "TOML", 0, 0, 0, 0, 0, 0, 0, 0, 0, 0, 1, 1
"d:\pro_dev\DEV\dse0.1.1\dse_rust\debug\asset\register\dat\mesh\test.toml", "TOML", 0, 0, 0, 7, 0, 0, 0, 0, 0, 4, 2, 13
"d:\pro_dev\DEV\dse0.1.1\dse_rust\debug\asset\register\dat\shader\meta\test.toml", "TOML", 0, 0, 0, 0, 0, 0, 0, 0, 0, 0, 1, 1
"d:\pro_dev\DEV\dse0.1.1\dse_rust\debug\asset\register\dat\shader\reg.toml", "TOML", 0, 0, 0, 0, 0, 0, 0, 0, 0, 0, 1, 1
"d:\pro_dev\DEV\dse0.1.1\dse_rust\debug\asset\register\reg.toml", "TOML", 0, 0, 0, 18, 0, 0, 0, 0, 0, 0, 6, 24
"d:\pro_dev\DEV\dse0.1.1\dse_rust\debug\asset\shader\test_frag.frag", "GLSL", 0, 0, 0, 0, 0, 0, 0, 0, 5, 0, 2, 7
"d:\pro_dev\DEV\dse0.1.1\dse_rust\debug\asset\shader\test_vert.vert", "GLSL", 0, 0, 0, 0, 0, 0, 0, 0, 9, 0, 2, 11
"d:\pro_dev\DEV\dse0.1.1\dse_rust\debug\build.rs", "Rust", 0, 0, 3, 0, 0, 0, 0, 0, 0, 5, 6, 14
"d:\pro_dev\DEV\dse0.1.1\dse_rust\debug\dse\Cargo.lock", "TOML", 0, 0, 0, 4, 0, 0, 0, 0, 0, 2, 2, 8
"d:\pro_dev\DEV\dse0.1.1\dse_rust\debug\dse\Cargo.toml", "TOML", 0, 0, 0, 301, 0, 0, 0, 0, 0, 13, 71, 385
"d:\pro_dev\DEV\dse0.1.1\dse_rust\debug\dse\TodoList.md", "Markdown", 5, 0, 0, 0, 0, 0, 0, 0, 0, 0, 0, 5
"d:\pro_dev\DEV\dse0.1.1\dse_rust\debug\dse\build.rs", "Rust", 0, 0, 2, 0, 0, 0, 0, 0, 0, 0, 5, 7
"d:\pro_dev\DEV\dse0.1.1\dse_rust\debug\dse\src\alloc\mod.rs", "Rust", 0, 0, 0, 0, 0, 0, 0, 0, 0, 0, 1, 1
"d:\pro_dev\DEV\dse0.1.1\dse_rust\debug\dse\src\application\mod.rs", "Rust", 0, 0, 319, 0, 0, 0, 0, 0, 0, 11, 66, 396
"d:\pro_dev\DEV\dse0.1.1\dse_rust\debug\dse\src\asset\mod.rs", "Rust", 0, 0, 59, 0, 0, 0, 0, 0, 0, 7, 16, 82
"d:\pro_dev\DEV\dse0.1.1\dse_rust\debug\dse\src\convert\gltf\mod.rs", "Rust", 0, 0, 10, 0, 0, 0, 0, 0, 0, 0, 3, 13
"d:\pro_dev\DEV\dse0.1.1\dse_rust\debug\dse\src\convert\mod.rs", "Rust", 0, 0, 9, 0, 0, 0, 0, 0, 0, 0, 2, 11
"d:\pro_dev\DEV\dse0.1.1\dse_rust\debug\dse\src\convert\rect\mod.rs", "Rust", 0, 0, 32, 0, 0, 0, 0, 0, 0, 0, 3, 35
"d:\pro_dev\DEV\dse0.1.1\dse_rust\debug\dse\src\convert\shader\mod.rs", "Rust", 0, 0, 189, 0, 0, 0, 0, 0, 0, 0, 28, 217
"d:\pro_dev\DEV\dse0.1.1\dse_rust\debug\dse\src\convert\stdfile\mod.rs", "Rust", 0, 0, 209, 0, 0, 0, 0, 0, 0, 0, 10, 219
"d:\pro_dev\DEV\dse0.1.1\dse_rust\debug\dse\src\convert\toml\mod.rs", "Rust", 0, 0, 92, 0, 0, 0, 0, 0, 0, 5, 10, 107
"d:\pro_dev\DEV\dse0.1.1\dse_rust\debug\dse\src\empty\mod.rs", "Rust", 0, 0, 0, 0, 0, 0, 0, 0, 0, 0, 1, 1
"d:\pro_dev\DEV\dse0.1.1\dse_rust\debug\dse\src\examples\alloc\mod.rs", "Rust", 0, 0, 0, 0, 0, 0, 0, 0, 0, 0, 1, 1
"d:\pro_dev\DEV\dse0.1.1\dse_rust\debug\dse\src\examples\assembly\mod.rs", "Rust", 0, 0, 16, 0, 0, 0, 0, 0, 0, 0, 2, 18
"d:\pro_dev\DEV\dse0.1.1\dse_rust\debug\dse\src\examples\meta_serialize\mod.rs", "Rust", 0, 0, 106, 0, 0, 0, 0, 0, 0, 36, 28, 170
"d:\pro_dev\DEV\dse0.1.1\dse_rust\debug\dse\src\examples\mod.rs", "Rust", 0, 0, 8, 0, 0, 0, 0, 0, 0, 0, 0, 8
"d:\pro_dev\DEV\dse0.1.1\dse_rust\debug\dse\src\examples\shader\mod.rs", "Rust", 0, 0, 0, 0, 0, 0, 0, 0, 0, 0, 1, 1
"d:\pro_dev\DEV\dse0.1.1\dse_rust\debug\dse\src\ext_api\graphic\mod.rs", "Rust", 0, 0, 631, 0, 0, 0, 0, 0, 0, 50, 67, 748
"d:\pro_dev\DEV\dse0.1.1\dse_rust\debug\dse\src\ext_api\mod.rs", "Rust", 0, 0, 1, 0, 0, 0, 0, 0, 0, 0, 2, 3
"d:\pro_dev\DEV\dse0.1.1\dse_rust\debug\dse\src\hardware\gpu\mod.rs", "Rust", 0, 0, 241, 0, 0, 0, 0, 0, 0, 2, 16, 259
"d:\pro_dev\DEV\dse0.1.1\dse_rust\debug\dse\src\hardware\mod.rs", "Rust", 0, 0, 1, 0, 0, 0, 0, 0, 0, 0, 0, 1
"d:\pro_dev\DEV\dse0.1.1\dse_rust\debug\dse\src\input\mod.rs", "Rust", 0, 0, 735, 0, 0, 0, 0, 0, 0, 100, 98, 933
"d:\pro_dev\DEV\dse0.1.1\dse_rust\debug\dse\src\input\win\mod.rs", "Rust", 0, 0, 285, 0, 0, 0, 0, 0, 0, 34, 36, 355
"d:\pro_dev\DEV\dse0.1.1\dse_rust\debug\dse\src\lib.rs", "Rust", 0, 0, 0, 0, 0, 0, 0, 0, 0, 0, 1, 1
"d:\pro_dev\DEV\dse0.1.1\dse_rust\debug\dse\src\log\mod.rs", "Rust", 0, 0, 776, 0, 0, 0, 0, 0, 0, 76, 52, 904
"d:\pro_dev\DEV\dse0.1.1\dse_rust\debug\dse\src\log\performance\mod.rs", "Rust", 0, 0, 30, 0, 0, 0, 0, 0, 0, 12, 8, 50
"d:\pro_dev\DEV\dse0.1.1\dse_rust\debug\dse\src\main.rs", "Rust", 0, 0, 478, 0, 0, 0, 0, 0, 0, 123, 106, 707
"d:\pro_dev\DEV\dse0.1.1\dse_rust\debug\dse\src\manager\buffer\mod.rs", "Rust", 0, 0, 79, 0, 0, 0, 0, 0, 0, 0, 13, 92
"d:\pro_dev\DEV\dse0.1.1\dse_rust\debug\dse\src\manager\datum\mod.rs", "Rust", 0, 0, 358, 0, 0, 0, 0, 0, 0, 21, 39, 418
"d:\pro_dev\DEV\dse0.1.1\dse_rust\debug\dse\src\manager\execute\mod.rs", "Rust", 0, 0, 229, 0, 0, 0, 0, 0, 0, 27, 33, 289
"d:\pro_dev\DEV\dse0.1.1\dse_rust\debug\dse\src\manager\execute\sub\mod.rs", "Rust", 0, 0, 62, 0, 0, 0, 0, 0, 0, 0, 18, 80
"d:\pro_dev\DEV\dse0.1.1\dse_rust\debug\dse\src\manager\execute\template\mod.rs", "Rust", 0, 0, 72141, 0, 0, 0, 0, 0, 0, 0, 1, 72142
"d:\pro_dev\DEV\dse0.1.1\dse_rust\debug\dse\src\manager\mod.rs", "Rust", 0, 0, 5, 0, 0, 0, 0, 0, 0, 0, 1, 6
"d:\pro_dev\DEV\dse0.1.1\dse_rust\debug\dse\src\material\mod.rs", "Rust", 0, 0, 12, 0, 0, 0, 0, 0, 0, 0, 2, 14
"d:\pro_dev\DEV\dse0.1.1\dse_rust\debug\dse\src\meta\mod.rs", "Rust", 0, 0, 491, 0, 0, 0, 0, 0, 0, 61, 58, 610
"d:\pro_dev\DEV\dse0.1.1\dse_rust\debug\dse\src\model\bounding\mod.rs", "Rust", 0, 0, 0, 0, 0, 0, 0, 0, 0, 0, 1, 1
"d:\pro_dev\DEV\dse0.1.1\dse_rust\debug\dse\src\model\coord\mod.rs", "Rust", 0, 0, 7, 0, 0, 0, 0, 0, 0, 0, 1, 8
"d:\pro_dev\DEV\dse0.1.1\dse_rust\debug\dse\src\model\mesh\edge\mod.rs", "Rust", 0, 0, 0, 0, 0, 0, 0, 0, 0, 0, 1, 1
"d:\pro_dev\DEV\dse0.1.1\dse_rust\debug\dse\src\model\mesh\face\mod.rs", "Rust", 0, 0, 0, 0, 0, 0, 0, 0, 0, 0, 1, 1
"d:\pro_dev\DEV\dse0.1.1\dse_rust\debug\dse\src\model\mesh\mod.rs", "Rust", 0, 0, 126, 0, 0, 0, 0, 0, 0, 6, 27, 159
"d:\pro_dev\DEV\dse0.1.1\dse_rust\debug\dse\src\model\mesh\vertex\mod.rs", "Rust", 0, 0, 5, 0, 0, 0, 0, 0, 0, 0, 1, 6
"d:\pro_dev\DEV\dse0.1.1\dse_rust\debug\dse\src\model\mod.rs", "Rust", 0, 0, 320, 0, 0, 0, 0, 0, 0, 46, 41, 407
"d:\pro_dev\DEV\dse0.1.1\dse_rust\debug\dse\src\model\point\mod.rs", "Rust", 0, 0, 0, 0, 0, 0, 0, 0, 0, 0, 1, 1
"d:\pro_dev\DEV\dse0.1.1\dse_rust\debug\dse\src\model\rectangle\mod.rs", "Rust", 0, 0, 76, 0, 0, 0, 0, 0, 0, 10, 11, 97
"d:\pro_dev\DEV\dse0.1.1\dse_rust\debug\dse\src\model\texture\mod.rs", "Rust", 0, 0, 0, 0, 0, 0, 0, 0, 0, 0, 1, 1
"d:\pro_dev\DEV\dse0.1.1\dse_rust\debug\dse\src\model\transform\mod.rs", "Rust", 0, 0, 145, 0, 0, 0, 0, 0, 0, 1, 37, 183
"d:\pro_dev\DEV\dse0.1.1\dse_rust\debug\dse\src\node\mod.rs", "Rust", 0, 0, 102, 0, 0, 0, 0, 0, 0, 8, 13, 123
"d:\pro_dev\DEV\dse0.1.1\dse_rust\debug\dse\src\renderer\buffer\mod.rs", "Rust", 0, 0, 327, 0, 0, 0, 0, 0, 0, 8, 29, 364
"d:\pro_dev\DEV\dse0.1.1\dse_rust\debug\dse\src\renderer\cfg\mod.rs", "Rust", 0, 0, 395, 0, 0, 0, 0, 0, 0, 30, 43, 468
"d:\pro_dev\DEV\dse0.1.1\dse_rust\debug\dse\src\renderer\cmd\mod.rs", "Rust", 0, 0, 922, 0, 0, 0, 0, 0, 0, 62, 108, 1092
"d:\pro_dev\DEV\dse0.1.1\dse_rust\debug\dse\src\renderer\cmd\sync\mod.rs", "Rust", 0, 0, 80, 0, 0, 0, 0, 0, 0, 1, 12, 93
"d:\pro_dev\DEV\dse0.1.1\dse_rust\debug\dse\src\renderer\mod.rs", "Rust", 0, 0, 1821, 0, 0, 0, 0, 0, 0, 153, 173, 2147
"d:\pro_dev\DEV\dse0.1.1\dse_rust\debug\dse\src\renderer\pass\mod.rs", "Rust", 0, 0, 0, 0, 0, 0, 0, 0, 0, 4, 1, 5
"d:\pro_dev\DEV\dse0.1.1\dse_rust\debug\dse\src\renderer\pipeline\mod.rs", "Rust", 0, 0, 1048, 0, 0, 0, 0, 0, 0, 39, 104, 1191
"d:\pro_dev\DEV\dse0.1.1\dse_rust\debug\dse\src\resource\dsepack\mod.rs", "Rust", 0, 0, 9, 0, 0, 0, 0, 0, 0, 0, 4, 13
"d:\pro_dev\DEV\dse0.1.1\dse_rust\debug\dse\src\resource\mod.rs", "Rust", 0, 0, 493, 0, 0, 0, 0, 0, 0, 29, 38, 560
"d:\pro_dev\DEV\dse0.1.1\dse_rust\debug\dse\src\shader\mod.rs", "Rust", 0, 0, 142, 0, 0, 0, 0, 0, 0, 4, 28, 174
"d:\pro_dev\DEV\dse0.1.1\dse_rust\debug\dse\src\test\mod.rs", "Rust", 0, 0, 311, 0, 0, 0, 0, 0, 0, 68, 43, 422
"d:\pro_dev\DEV\dse0.1.1\dse_rust\debug\dse\src\time\mod.rs", "Rust", 0, 0, 272, 0, 0, 0, 0, 0, 0, 4, 41, 317
"d:\pro_dev\DEV\dse0.1.1\dse_rust\debug\dse\src\tool\cast\mod.rs", "Rust", 0, 0, 35, 0, 0, 0, 0, 0, 0, 27, 8, 70
"d:\pro_dev\DEV\dse0.1.1\dse_rust\debug\dse\src\tool\debug\mod.rs", "Rust", 0, 0, 39, 0, 0, 0, 0, 0, 0, 3, 8, 50
"d:\pro_dev\DEV\dse0.1.1\dse_rust\debug\dse\src\tool\ext_lib_debug\mod.rs", "Rust", 0, 0, 5, 0, 0, 0, 0, 0, 0, 0, 0, 5
"d:\pro_dev\DEV\dse0.1.1\dse_rust\debug\dse\src\tool\get_rt_unchecked\mod.rs", "Rust", 0, 0, 34, 0, 0, 0, 0, 0, 0, 0, 4, 38
"d:\pro_dev\DEV\dse0.1.1\dse_rust\debug\dse\src\tool\mod.rs", "Rust", 0, 0, 6, 0, 0, 0, 0, 0, 0, 0, 4, 10
"d:\pro_dev\DEV\dse0.1.1\dse_rust\debug\dse\src\tool\slice\mod.rs", "Rust", 0, 0, 78, 0, 0, 0, 0, 0, 0, 0, 11, 89
"d:\pro_dev\DEV\dse0.1.1\dse_rust\debug\dse\src\tool\stop_point\mod.rs", "Rust", 0, 0, 21, 0, 0, 0, 0, 0, 0, 1, 2, 24
"d:\pro_dev\DEV\dse0.1.1\dse_rust\debug\dse\src\workarea\mod.rs", "Rust", 0, 0, 85, 0, 0, 0, 0, 0, 0, 13, 20, 118
"d:\pro_dev\DEV\dse0.1.1\dse_rust\debug\dse\src\workarea\win\mod.rs", "Rust", 0, 0, 269, 0, 0, 0, 0, 0, 0, 13, 45, 327
"d:\pro_dev\DEV\dse0.1.1\dse_rust\debug\dse\src\workarea\win\win32impl\mod.rs", "Rust", 0, 0, 137, 0, 0, 0, 0, 0, 0, 0, 14, 151
"d:\pro_dev\DEV\dse0.1.1\dse_rust\debug\dse_buildin_compiler\Cargo.toml", "TOML", 0, 0, 0, 10, 0, 0, 0, 0, 0, 0, 4, 14
"d:\pro_dev\DEV\dse0.1.1\dse_rust\debug\dse_buildin_compiler\src\lib.rs", "Rust", 0, 0, 0, 0, 0, 0, 0, 0, 0, 0, 1, 1
"d:\pro_dev\DEV\dse0.1.1\dse_rust\debug\dse_macros\Cargo.toml", "TOML", 0, 0, 0, 27, 0, 0, 0, 0, 0, 0, 13, 40
"d:\pro_dev\DEV\dse0.1.1\dse_rust\debug\dse_macros\src\lib.rs", "Rust", 0, 0, 136, 0, 0, 0, 0, 0, 0, 485, 36, 657
"d:\pro_dev\DEV\dse0.1.1\dse_rust\debug\dse_macros\src\tool\mod.rs", "Rust", 0, 0, 81, 0, 0, 0, 0, 0, 0, 1, 14, 96
"d:\pro_dev\DEV\dse0.1.1\dse_rust\debug\target\.future-incompat-report.json", "JSON", 0, 0, 0, 0, 1, 0, 0, 0, 0, 0, 0, 1
"d:\pro_dev\DEV\dse0.1.1\dse_rust\debug\target\.rustc_info.json", "JSON", 0, 0, 0, 0, 1, 0, 0, 0, 0, 0, 0, 1
"d:\pro_dev\DEV\dse0.1.1\dse_rust\debug\target\debug\.fingerprint\adler-26187c3c6c95f4da\lib-adler.json", "JSON", 0, 0, 0, 0, 1, 0, 0, 0, 0, 0, 0, 1
"d:\pro_dev\DEV\dse0.1.1\dse_rust\debug\target\debug\.fingerprint\adler-9491195f83fcfe0a\lib-adler.json", "JSON", 0, 0, 0, 0, 1, 0, 0, 0, 0, 0, 0, 1
"d:\pro_dev\DEV\dse0.1.1\dse_rust\debug\target\debug\.fingerprint\adler-e61d8195716f08d5\lib-adler.json", "JSON", 0, 0, 0, 0, 1, 0, 0, 0, 0, 0, 0, 1
"d:\pro_dev\DEV\dse0.1.1\dse_rust\debug\target\debug\.fingerprint\ahash-1319f704249defd5\build-script-build-script-build.json", "JSON", 0, 0, 0, 0, 1, 0, 0, 0, 0, 0, 0, 1
"d:\pro_dev\DEV\dse0.1.1\dse_rust\debug\target\debug\.fingerprint\ahash-7903a20e266d3ab3\lib-ahash.json", "JSON", 0, 0, 0, 0, 1, 0, 0, 0, 0, 0, 0, 1
"d:\pro_dev\DEV\dse0.1.1\dse_rust\debug\target\debug\.fingerprint\ahash-8713d96d99dee3ad\run-build-script-build-script-build.json", "JSON", 0, 0, 0, 0, 1, 0, 0, 0, 0, 0, 0, 1
"d:\pro_dev\DEV\dse0.1.1\dse_rust\debug\target\debug\.fingerprint\ahash-939a0d33a5847a8f\lib-ahash.json", "JSON", 0, 0, 0, 0, 1, 0, 0, 0, 0, 0, 0, 1
"d:\pro_dev\DEV\dse0.1.1\dse_rust\debug\target\debug\.fingerprint\ahash-9aa7317f9568f50f\lib-ahash.json", "JSON", 0, 0, 0, 0, 1, 0, 0, 0, 0, 0, 0, 1
"d:\pro_dev\DEV\dse0.1.1\dse_rust\debug\target\debug\.fingerprint\ahash-9e49a2c86e1f3dc5\lib-ahash.json", "JSON", 0, 0, 0, 0, 1, 0, 0, 0, 0, 0, 0, 1
"d:\pro_dev\DEV\dse0.1.1\dse_rust\debug\target\debug\.fingerprint\ahash-a3bc7fabc08b2c46\lib-ahash.json", "JSON", 0, 0, 0, 0, 1, 0, 0, 0, 0, 0, 0, 1
"d:\pro_dev\DEV\dse0.1.1\dse_rust\debug\target\debug\.fingerprint\allocator-api2-8fa2aa61800af23f\lib-allocator_api2.json", "JSON", 0, 0, 0, 0, 1, 0, 0, 0, 0, 0, 0, 1
"d:\pro_dev\DEV\dse0.1.1\dse_rust\debug\target\debug\.fingerprint\allocator-api2-d5f8de9c60faf313\lib-allocator_api2.json", "JSON", 0, 0, 0, 0, 1, 0, 0, 0, 0, 0, 0, 1
"d:\pro_dev\DEV\dse0.1.1\dse_rust\debug\target\debug\.fingerprint\allocator-api2-fadbfa903004c4ba\lib-allocator_api2.json", "JSON", 0, 0, 0, 0, 1, 0, 0, 0, 0, 0, 0, 1
"d:\pro_dev\DEV\dse0.1.1\dse_rust\debug\target\debug\.fingerprint\ash-1a921cde317fc1bf\lib-ash.json", "JSON", 0, 0, 0, 0, 1, 0, 0, 0, 0, 0, 0, 1
"d:\pro_dev\DEV\dse0.1.1\dse_rust\debug\target\debug\.fingerprint\ash-74697b8de8bc442b\lib-ash.json", "JSON", 0, 0, 0, 0, 1, 0, 0, 0, 0, 0, 0, 1
"d:\pro_dev\DEV\dse0.1.1\dse_rust\debug\target\debug\.fingerprint\ash-95383596589f7a07\run-build-script-build-script-build.json", "JSON", 0, 0, 0, 0, 1, 0, 0, 0, 0, 0, 0, 1
"d:\pro_dev\DEV\dse0.1.1\dse_rust\debug\target\debug\.fingerprint\ash-b21704191b6fbcff\build-script-build-script-build.json", "JSON", 0, 0, 0, 0, 1, 0, 0, 0, 0, 0, 0, 1
"d:\pro_dev\DEV\dse0.1.1\dse_rust\debug\target\debug\.fingerprint\ash-cca1857093cc0ff8\lib-ash.json", "JSON", 0, 0, 0, 0, 1, 0, 0, 0, 0, 0, 0, 1
"d:\pro_dev\DEV\dse0.1.1\dse_rust\debug\target\debug\.fingerprint\autocfg-bc3c1568e43c163b\lib-autocfg.json", "JSON", 0, 0, 0, 0, 1, 0, 0, 0, 0, 0, 0, 1
"d:\pro_dev\DEV\dse0.1.1\dse_rust\debug\target\debug\.fingerprint\backtrace-9272cd3063eb7cbf\lib-backtrace.json", "JSON", 0, 0, 0, 0, 1, 0, 0, 0, 0, 0, 0, 1
"d:\pro_dev\DEV\dse0.1.1\dse_rust\debug\target\debug\.fingerprint\backtrace-f42eda27e2b5d577\lib-backtrace.json", "JSON", 0, 0, 0, 0, 1, 0, 0, 0, 0, 0, 0, 1
"d:\pro_dev\DEV\dse0.1.1\dse_rust\debug\target\debug\.fingerprint\base64-04357b7c40db53f7\lib-base64.json", "JSON", 0, 0, 0, 0, 1, 0, 0, 0, 0, 0, 0, 1
"d:\pro_dev\DEV\dse0.1.1\dse_rust\debug\target\debug\.fingerprint\base64-3849393f54363124\lib-base64.json", "JSON", 0, 0, 0, 0, 1, 0, 0, 0, 0, 0, 0, 1
"d:\pro_dev\DEV\dse0.1.1\dse_rust\debug\target\debug\.fingerprint\base64-8272f7064fd7bcec\lib-base64.json", "JSON", 0, 0, 0, 0, 1, 0, 0, 0, 0, 0, 0, 1
"d:\pro_dev\DEV\dse0.1.1\dse_rust\debug\target\debug\.fingerprint\bindgen-861ab5dc25beeb9a\lib-bindgen.json", "JSON", 0, 0, 0, 0, 1, 0, 0, 0, 0, 0, 0, 1
"d:\pro_dev\DEV\dse0.1.1\dse_rust\debug\target\debug\.fingerprint\bindgen-96d29ccded542ae2\build-script-build-script-build.json", "JSON", 0, 0, 0, 0, 1, 0, 0, 0, 0, 0, 0, 1
"d:\pro_dev\DEV\dse0.1.1\dse_rust\debug\target\debug\.fingerprint\bindgen-aa06c62e4f2082b8\run-build-script-build-script-build.json", "JSON", 0, 0, 0, 0, 1, 0, 0, 0, 0, 0, 0, 1
"d:\pro_dev\DEV\dse0.1.1\dse_rust\debug\target\debug\.fingerprint\bindgen-ee9d7b7d788c0987\lib-bindgen.json", "JSON", 0, 0, 0, 0, 1, 0, 0, 0, 0, 0, 0, 1
"d:\pro_dev\DEV\dse0.1.1\dse_rust\debug\target\debug\.fingerprint\bitflags-2d4b6ce680170569\lib-bitflags.json", "JSON", 0, 0, 0, 0, 1, 0, 0, 0, 0, 0, 0, 1
"d:\pro_dev\DEV\dse0.1.1\dse_rust\debug\target\debug\.fingerprint\bitflags-366cca0d7b7fe244\lib-bitflags.json", "JSON", 0, 0, 0, 0, 1, 0, 0, 0, 0, 0, 0, 1
"d:\pro_dev\DEV\dse0.1.1\dse_rust\debug\target\debug\.fingerprint\bitflags-505cc21d5fbc6b17\lib-bitflags.json", "JSON", 0, 0, 0, 0, 1, 0, 0, 0, 0, 0, 0, 1
"d:\pro_dev\DEV\dse0.1.1\dse_rust\debug\target\debug\.fingerprint\bitflags-6f7f39de871be137\lib-bitflags.json", "JSON", 0, 0, 0, 0, 1, 0, 0, 0, 0, 0, 0, 1
"d:\pro_dev\DEV\dse0.1.1\dse_rust\debug\target\debug\.fingerprint\bitflags-8438c4b5e98e2f67\lib-bitflags.json", "JSON", 0, 0, 0, 0, 1, 0, 0, 0, 0, 0, 0, 1
"d:\pro_dev\DEV\dse0.1.1\dse_rust\debug\target\debug\.fingerprint\bitflags-e7afb5616860f76a\lib-bitflags.json", "JSON", 0, 0, 0, 0, 1, 0, 0, 0, 0, 0, 0, 1
"d:\pro_dev\DEV\dse0.1.1\dse_rust\debug\target\debug\.fingerprint\bitflags-f44db8429a73af68\lib-bitflags.json", "JSON", 0, 0, 0, 0, 1, 0, 0, 0, 0, 0, 0, 1
"d:\pro_dev\DEV\dse0.1.1\dse_rust\debug\target\debug\.fingerprint\bytemuck-04f7118a933f2486\lib-bytemuck.json", "JSON", 0, 0, 0, 0, 1, 0, 0, 0, 0, 0, 0, 1
"d:\pro_dev\DEV\dse0.1.1\dse_rust\debug\target\debug\.fingerprint\bytemuck-a630530761092eb2\lib-bytemuck.json", "JSON", 0, 0, 0, 0, 1, 0, 0, 0, 0, 0, 0, 1
"d:\pro_dev\DEV\dse0.1.1\dse_rust\debug\target\debug\.fingerprint\bytemuck-e966f57e59f780a5\lib-bytemuck.json", "JSON", 0, 0, 0, 0, 1, 0, 0, 0, 0, 0, 0, 1
"d:\pro_dev\DEV\dse0.1.1\dse_rust\debug\target\debug\.fingerprint\byteorder-3e56d726bb0c56b0\lib-byteorder.json", "JSON", 0, 0, 0, 0, 1, 0, 0, 0, 0, 0, 0, 1
"d:\pro_dev\DEV\dse0.1.1\dse_rust\debug\target\debug\.fingerprint\byteorder-b12c2005ffdddab5\lib-byteorder.json", "JSON", 0, 0, 0, 0, 1, 0, 0, 0, 0, 0, 0, 1
"d:\pro_dev\DEV\dse0.1.1\dse_rust\debug\target\debug\.fingerprint\byteorder-d249c46501bf1875\lib-byteorder.json", "JSON", 0, 0, 0, 0, 1, 0, 0, 0, 0, 0, 0, 1
"d:\pro_dev\DEV\dse0.1.1\dse_rust\debug\target\debug\.fingerprint\cc-953554847d21185e\lib-cc.json", "JSON", 0, 0, 0, 0, 1, 0, 0, 0, 0, 0, 0, 1
"d:\pro_dev\DEV\dse0.1.1\dse_rust\debug\target\debug\.fingerprint\cexpr-ca46fd44c3c99bee\lib-cexpr.json", "JSON", 0, 0, 0, 0, 1, 0, 0, 0, 0, 0, 0, 1
"d:\pro_dev\DEV\dse0.1.1\dse_rust\debug\target\debug\.fingerprint\cfg-if-2a319dfbc78122df\lib-cfg_if.json", "JSON", 0, 0, 0, 0, 1, 0, 0, 0, 0, 0, 0, 1
"d:\pro_dev\DEV\dse0.1.1\dse_rust\debug\target\debug\.fingerprint\cfg-if-9709efac29ccc6e4\lib-cfg_if.json", "JSON", 0, 0, 0, 0, 1, 0, 0, 0, 0, 0, 0, 1
"d:\pro_dev\DEV\dse0.1.1\dse_rust\debug\target\debug\.fingerprint\cfg-if-f755e379589b9030\lib-cfg_if.json", "JSON", 0, 0, 0, 0, 1, 0, 0, 0, 0, 0, 0, 1
"d:\pro_dev\DEV\dse0.1.1\dse_rust\debug\target\debug\.fingerprint\clang-sys-476efa34bd2bba35\lib-clang_sys.json", "JSON", 0, 0, 0, 0, 1, 0, 0, 0, 0, 0, 0, 1
"d:\pro_dev\DEV\dse0.1.1\dse_rust\debug\target\debug\.fingerprint\clang-sys-8f3b0d241a14f295\run-build-script-build-script-build.json", "JSON", 0, 0, 0, 0, 1, 0, 0, 0, 0, 0, 0, 1
"d:\pro_dev\DEV\dse0.1.1\dse_rust\debug\target\debug\.fingerprint\clang-sys-ce21c0fa2ad2e57b\build-script-build-script-build.json", "JSON", 0, 0, 0, 0, 1, 0, 0, 0, 0, 0, 0, 1
"d:\pro_dev\DEV\dse0.1.1\dse_rust\debug\target\debug\.fingerprint\clang-sys-ebae8e549fadabc3\lib-clang_sys.json", "JSON", 0, 0, 0, 0, 1, 0, 0, 0, 0, 0, 0, 1
"d:\pro_dev\DEV\dse0.1.1\dse_rust\debug\target\debug\.fingerprint\cmake-1819db2b670e8436\lib-cmake.json", "JSON", 0, 0, 0, 0, 1, 0, 0, 0, 0, 0, 0, 1
"d:\pro_dev\DEV\dse0.1.1\dse_rust\debug\target\debug\.fingerprint\color_quant-050185710bef5484\lib-color_quant.json", "JSON", 0, 0, 0, 0, 1, 0, 0, 0, 0, 0, 0, 1
"d:\pro_dev\DEV\dse0.1.1\dse_rust\debug\target\debug\.fingerprint\color_quant-9621b24b5df41469\lib-color_quant.json", "JSON", 0, 0, 0, 0, 1, 0, 0, 0, 0, 0, 0, 1
"d:\pro_dev\DEV\dse0.1.1\dse_rust\debug\target\debug\.fingerprint\color_quant-b3f6952c0e0cff25\lib-color_quant.json", "JSON", 0, 0, 0, 0, 1, 0, 0, 0, 0, 0, 0, 1
"d:\pro_dev\DEV\dse0.1.1\dse_rust\debug\target\debug\.fingerprint\cooked-waker-27ee9552a5640f41\lib-cooked_waker.json", "JSON", 0, 0, 0, 0, 1, 0, 0, 0, 0, 0, 0, 1
"d:\pro_dev\DEV\dse0.1.1\dse_rust\debug\target\debug\.fingerprint\cooked-waker-8b763427b279b427\lib-cooked_waker.json", "JSON", 0, 0, 0, 0, 1, 0, 0, 0, 0, 0, 0, 1
"d:\pro_dev\DEV\dse0.1.1\dse_rust\debug\target\debug\.fingerprint\cooked-waker-9cbabb8a8dde0a0f\lib-cooked_waker.json", "JSON", 0, 0, 0, 0, 1, 0, 0, 0, 0, 0, 0, 1
"d:\pro_dev\DEV\dse0.1.1\dse_rust\debug\target\debug\.fingerprint\crc32fast-16f566e86b8c5e41\lib-crc32fast.json", "JSON", 0, 0, 0, 0, 1, 0, 0, 0, 0, 0, 0, 1
"d:\pro_dev\DEV\dse0.1.1\dse_rust\debug\target\debug\.fingerprint\crc32fast-806676eade06efd8\lib-crc32fast.json", "JSON", 0, 0, 0, 0, 1, 0, 0, 0, 0, 0, 0, 1
"d:\pro_dev\DEV\dse0.1.1\dse_rust\debug\target\debug\.fingerprint\crc32fast-af7b171a85a8251f\lib-crc32fast.json", "JSON", 0, 0, 0, 0, 1, 0, 0, 0, 0, 0, 0, 1
"d:\pro_dev\DEV\dse0.1.1\dse_rust\debug\target\debug\.fingerprint\crc32fast-f44c1afd68cc2688\run-build-script-build-script-build.json", "JSON", 0, 0, 0, 0, 1, 0, 0, 0, 0, 0, 0, 1
"d:\pro_dev\DEV\dse0.1.1\dse_rust\debug\target\debug\.fingerprint\crc32fast-fc6b28f859d1b416\build-script-build-script-build.json", "JSON", 0, 0, 0, 0, 1, 0, 0, 0, 0, 0, 0, 1
"d:\pro_dev\DEV\dse0.1.1\dse_rust\debug\target\debug\.fingerprint\crossbeam-46079eb9d532f227\lib-crossbeam.json", "JSON", 0, 0, 0, 0, 1, 0, 0, 0, 0, 0, 0, 1
"d:\pro_dev\DEV\dse0.1.1\dse_rust\debug\target\debug\.fingerprint\crossbeam-72c1684e900ef8a0\lib-crossbeam.json", "JSON", 0, 0, 0, 0, 1, 0, 0, 0, 0, 0, 0, 1
"d:\pro_dev\DEV\dse0.1.1\dse_rust\debug\target\debug\.fingerprint\crossbeam-8aba8ea480164d2d\lib-crossbeam.json", "JSON", 0, 0, 0, 0, 1, 0, 0, 0, 0, 0, 0, 1
"d:\pro_dev\DEV\dse0.1.1\dse_rust\debug\target\debug\.fingerprint\crossbeam-epoch-0f8b7332489900be\lib-crossbeam_epoch.json", "JSON", 0, 0, 0, 0, 1, 0, 0, 0, 0, 0, 0, 1
"d:\pro_dev\DEV\dse0.1.1\dse_rust\debug\target\debug\.fingerprint\crossbeam-epoch-c3da9ad0ccb63770\lib-crossbeam_epoch.json", "JSON", 0, 0, 0, 0, 1, 0, 0, 0, 0, 0, 0, 1
"d:\pro_dev\DEV\dse0.1.1\dse_rust\debug\target\debug\.fingerprint\crossbeam-epoch-d85f06d7870afebc\lib-crossbeam_epoch.json", "JSON", 0, 0, 0, 0, 1, 0, 0, 0, 0, 0, 0, 1
"d:\pro_dev\DEV\dse0.1.1\dse_rust\debug\target\debug\.fingerprint\crossbeam-queue-05ae5f3edc299d18\lib-crossbeam_queue.json", "JSON", 0, 0, 0, 0, 1, 0, 0, 0, 0, 0, 0, 1
"d:\pro_dev\DEV\dse0.1.1\dse_rust\debug\target\debug\.fingerprint\crossbeam-queue-17b1f8397e4512f7\lib-crossbeam_queue.json", "JSON", 0, 0, 0, 0, 1, 0, 0, 0, 0, 0, 0, 1
"d:\pro_dev\DEV\dse0.1.1\dse_rust\debug\target\debug\.fingerprint\crossbeam-queue-3ca255ed623b52d0\lib-crossbeam_queue.json", "JSON", 0, 0, 0, 0, 1, 0, 0, 0, 0, 0, 0, 1
"d:\pro_dev\DEV\dse0.1.1\dse_rust\debug\target\debug\.fingerprint\crossbeam-utils-058eff74cbd551a4\build-script-build-script-build.json", "JSON", 0, 0, 0, 0, 1, 0, 0, 0, 0, 0, 0, 1
"d:\pro_dev\DEV\dse0.1.1\dse_rust\debug\target\debug\.fingerprint\crossbeam-utils-0f4f22ec3e3ec06e\lib-crossbeam_utils.json", "JSON", 0, 0, 0, 0, 1, 0, 0, 0, 0, 0, 0, 1
"d:\pro_dev\DEV\dse0.1.1\dse_rust\debug\target\debug\.fingerprint\crossbeam-utils-8d9c1eff06854c8d\run-build-script-build-script-build.json", "JSON", 0, 0, 0, 0, 1, 0, 0, 0, 0, 0, 0, 1
"d:\pro_dev\DEV\dse0.1.1\dse_rust\debug\target\debug\.fingerprint\crossbeam-utils-fb61bb13a1ea3e0f\lib-crossbeam_utils.json", "JSON", 0, 0, 0, 0, 1, 0, 0, 0, 0, 0, 0, 1
"d:\pro_dev\DEV\dse0.1.1\dse_rust\debug\target\debug\.fingerprint\crossbeam-utils-fbbc6fc78e88c5c0\lib-crossbeam_utils.json", "JSON", 0, 0, 0, 0, 1, 0, 0, 0, 0, 0, 0, 1
"d:\pro_dev\DEV\dse0.1.1\dse_rust\debug\target\debug\.fingerprint\cty-493fba05d18a72d0\lib-cty.json", "JSON", 0, 0, 0, 0, 1, 0, 0, 0, 0, 0, 0, 1
"d:\pro_dev\DEV\dse0.1.1\dse_rust\debug\target\debug\.fingerprint\cty-f64971cca3b66d36\lib-cty.json", "JSON", 0, 0, 0, 0, 1, 0, 0, 0, 0, 0, 0, 1
"d:\pro_dev\DEV\dse0.1.1\dse_rust\debug\target\debug\.fingerprint\cty-fb65c7ca89df8ed6\lib-cty.json", "JSON", 0, 0, 0, 0, 1, 0, 0, 0, 0, 0, 0, 1
"d:\pro_dev\DEV\dse0.1.1\dse_rust\debug\target\debug\.fingerprint\dse-0700d3d2b758c4e4\lib-dse.json", "JSON", 0, 0, 0, 0, 1, 0, 0, 0, 0, 0, 0, 1
"d:\pro_dev\DEV\dse0.1.1\dse_rust\debug\target\debug\.fingerprint\dse-0785a4ee472f7881\run-build-script-build-script-build.json", "JSON", 0, 0, 0, 0, 1, 0, 0, 0, 0, 0, 0, 1
"d:\pro_dev\DEV\dse0.1.1\dse_rust\debug\target\debug\.fingerprint\dse-07f9824bf4429962\lib-dse.json", "JSON", 0, 0, 0, 0, 1, 0, 0, 0, 0, 0, 0, 1
"d:\pro_dev\DEV\dse0.1.1\dse_rust\debug\target\debug\.fingerprint\dse-11b00c727b75109e\lib-dse.json", "JSON", 0, 0, 0, 0, 1, 0, 0, 0, 0, 0, 0, 1
"d:\pro_dev\DEV\dse0.1.1\dse_rust\debug\target\debug\.fingerprint\dse-1d67f144e8b5bcfe\lib-dse.json", "JSON", 0, 0, 0, 0, 1, 0, 0, 0, 0, 0, 0, 1
"d:\pro_dev\DEV\dse0.1.1\dse_rust\debug\target\debug\.fingerprint\dse-1ff6fed65677cd55\test-bin-dse.json", "JSON", 0, 0, 0, 0, 1, 0, 0, 0, 0, 0, 0, 1
"d:\pro_dev\DEV\dse0.1.1\dse_rust\debug\target\debug\.fingerprint\dse-5225be17fc6196a8\test-lib-dse.json", "JSON", 0, 0, 0, 0, 1, 0, 0, 0, 0, 0, 0, 1
"d:\pro_dev\DEV\dse0.1.1\dse_rust\debug\target\debug\.fingerprint\dse-55702aebb4ab22ad\build-script-build-script-build.json", "JSON", 0, 0, 0, 0, 1, 0, 0, 0, 0, 0, 0, 1
"d:\pro_dev\DEV\dse0.1.1\dse_rust\debug\target\debug\.fingerprint\dse-756891d76b37da86\test-bin-dse.json", "JSON", 0, 0, 0, 0, 1, 0, 0, 0, 0, 0, 0, 1
"d:\pro_dev\DEV\dse0.1.1\dse_rust\debug\target\debug\.fingerprint\dse-8488510dc9ad428a\lib-dse.json", "JSON", 0, 0, 0, 0, 1, 0, 0, 0, 0, 0, 0, 1
"d:\pro_dev\DEV\dse0.1.1\dse_rust\debug\target\debug\.fingerprint\dse-8fe7e7862f910294\run-build-script-build-script-build.json", "JSON", 0, 0, 0, 0, 1, 0, 0, 0, 0, 0, 0, 1
"d:\pro_dev\DEV\dse0.1.1\dse_rust\debug\target\debug\.fingerprint\dse-9c72df61ab88de2a\build-script-build-script-build.json", "JSON", 0, 0, 0, 0, 1, 0, 0, 0, 0, 0, 0, 1
"d:\pro_dev\DEV\dse0.1.1\dse_rust\debug\target\debug\.fingerprint\dse-a68b857a5c0db545\run-build-script-build-script-build.json", "JSON", 0, 0, 0, 0, 1, 0, 0, 0, 0, 0, 0, 1
"d:\pro_dev\DEV\dse0.1.1\dse_rust\debug\target\debug\.fingerprint\dse-a6ec0d28843a9f27\test-bin-dse.json", "JSON", 0, 0, 0, 0, 1, 0, 0, 0, 0, 0, 0, 1
"d:\pro_dev\DEV\dse0.1.1\dse_rust\debug\target\debug\.fingerprint\dse-a711e284a7fda6f2\run-build-script-build-script-build.json", "JSON", 0, 0, 0, 0, 1, 0, 0, 0, 0, 0, 0, 1
"d:\pro_dev\DEV\dse0.1.1\dse_rust\debug\target\debug\.fingerprint\dse-b9fa5ad7c709db65\test-lib-dse.json", "JSON", 0, 0, 0, 0, 1, 0, 0, 0, 0, 0, 0, 1
"d:\pro_dev\DEV\dse0.1.1\dse_rust\debug\target\debug\.fingerprint\dse-bc5095ba36678e5e\lib-dse.json", "JSON", 0, 0, 0, 0, 1, 0, 0, 0, 0, 0, 0, 1
"d:\pro_dev\DEV\dse0.1.1\dse_rust\debug\target\debug\.fingerprint\dse-bcab3a089cf4cc6c\bin-dse.json", "JSON", 0, 0, 0, 0, 1, 0, 0, 0, 0, 0, 0, 1
"d:\pro_dev\DEV\dse0.1.1\dse_rust\debug\target\debug\.fingerprint\dse-bd80ff7f4f45c64b\lib-dse.json", "JSON", 0, 0, 0, 0, 1, 0, 0, 0, 0, 0, 0, 1
"d:\pro_dev\DEV\dse0.1.1\dse_rust\debug\target\debug\.fingerprint\dse-c08576cecfeebeef\test-bin-dse.json", "JSON", 0, 0, 0, 0, 1, 0, 0, 0, 0, 0, 0, 1
"d:\pro_dev\DEV\dse0.1.1\dse_rust\debug\target\debug\.fingerprint\dse-cc6ba42723d242f7\bin-dse.json", "JSON", 0, 0, 0, 0, 1, 0, 0, 0, 0, 0, 0, 1
"d:\pro_dev\DEV\dse0.1.1\dse_rust\debug\target\debug\.fingerprint\dse-cebcc87ff1c86050\test-lib-dse.json", "JSON", 0, 0, 0, 0, 1, 0, 0, 0, 0, 0, 0, 1
"d:\pro_dev\DEV\dse0.1.1\dse_rust\debug\target\debug\.fingerprint\dse-e06fa8b5e08f68b7\lib-dse.json", "JSON", 0, 0, 0, 0, 1, 0, 0, 0, 0, 0, 0, 1
"d:\pro_dev\DEV\dse0.1.1\dse_rust\debug\target\debug\.fingerprint\dse-ef0124d864f7f358\bin-dse.json", "JSON", 0, 0, 0, 0, 1, 0, 0, 0, 0, 0, 0, 1
"d:\pro_dev\DEV\dse0.1.1\dse_rust\debug\target\debug\.fingerprint\dse-f1458aa21c32f2cf\bin-dse.json", "JSON", 0, 0, 0, 0, 1, 0, 0, 0, 0, 0, 0, 1
"d:\pro_dev\DEV\dse0.1.1\dse_rust\debug\target\debug\.fingerprint\dse-f3311358f5c24e75\lib-dse.json", "JSON", 0, 0, 0, 0, 1, 0, 0, 0, 0, 0, 0, 1
"d:\pro_dev\DEV\dse0.1.1\dse_rust\debug\target\debug\.fingerprint\dse-fdfd05681e7821af\lib-dse.json", "JSON", 0, 0, 0, 0, 1, 0, 0, 0, 0, 0, 0, 1
"d:\pro_dev\DEV\dse0.1.1\dse_rust\debug\target\debug\.fingerprint\dse_buildin_compiler-2f0f4b78d5f31027\test-lib-dse_buildin_compiler.json", "JSON", 0, 0, 0, 0, 1, 0, 0, 0, 0, 0, 0, 1
"d:\pro_dev\DEV\dse0.1.1\dse_rust\debug\target\debug\.fingerprint\dse_buildin_compiler-3194c0b404a9ce1f\lib-dse_buildin_compiler.json", "JSON", 0, 0, 0, 0, 1, 0, 0, 0, 0, 0, 0, 1
"d:\pro_dev\DEV\dse0.1.1\dse_rust\debug\target\debug\.fingerprint\dse_buildin_compiler-3a7e595cf16658a8\test-lib-dse_buildin_compiler.json", "JSON", 0, 0, 0, 0, 1, 0, 0, 0, 0, 0, 0, 1
"d:\pro_dev\DEV\dse0.1.1\dse_rust\debug\target\debug\.fingerprint\dse_buildin_compiler-438c957594a95286\test-lib-dse_buildin_compiler.json", "JSON", 0, 0, 0, 0, 1, 0, 0, 0, 0, 0, 0, 1
"d:\pro_dev\DEV\dse0.1.1\dse_rust\debug\target\debug\.fingerprint\dse_buildin_compiler-8c494ae63c62e2da\lib-dse_buildin_compiler.json", "JSON", 0, 0, 0, 0, 1, 0, 0, 0, 0, 0, 0, 1
"d:\pro_dev\DEV\dse0.1.1\dse_rust\debug\target\debug\.fingerprint\dse_buildin_compiler-bbf4441e8ae3d824\lib-dse_buildin_compiler.json", "JSON", 0, 0, 0, 0, 1, 0, 0, 0, 0, 0, 0, 1
"d:\pro_dev\DEV\dse0.1.1\dse_rust\debug\target\debug\.fingerprint\dse_macros-3184165605eb433c\lib-dse_macros.json", "JSON", 0, 0, 0, 0, 1, 0, 0, 0, 0, 0, 0, 1
"d:\pro_dev\DEV\dse0.1.1\dse_rust\debug\target\debug\.fingerprint\dse_macros-385cfce722059945\lib-dse_macros.json", "JSON", 0, 0, 0, 0, 1, 0, 0, 0, 0, 0, 0, 1
"d:\pro_dev\DEV\dse0.1.1\dse_rust\debug\target\debug\.fingerprint\dse_macros-3a96f2f9d4f4d516\lib-dse_macros.json", "JSON", 0, 0, 0, 0, 1, 0, 0, 0, 0, 0, 0, 1
"d:\pro_dev\DEV\dse0.1.1\dse_rust\debug\target\debug\.fingerprint\dse_macros-440c59c74ae7ec85\test-lib-dse_macros.json", "JSON", 0, 0, 0, 0, 1, 0, 0, 0, 0, 0, 0, 1
"d:\pro_dev\DEV\dse0.1.1\dse_rust\debug\target\debug\.fingerprint\dse_macros-796a4713bba47693\test-lib-dse_macros.json", "JSON", 0, 0, 0, 0, 1, 0, 0, 0, 0, 0, 0, 1
"d:\pro_dev\DEV\dse0.1.1\dse_rust\debug\target\debug\.fingerprint\dse_macros-8ae9537a4a25dcd6\lib-dse_macros.json", "JSON", 0, 0, 0, 0, 1, 0, 0, 0, 0, 0, 0, 1
"d:\pro_dev\DEV\dse0.1.1\dse_rust\debug\target\debug\.fingerprint\dse_macros-96015964078d695a\lib-dse_macros.json", "JSON", 0, 0, 0, 0, 1, 0, 0, 0, 0, 0, 0, 1
"d:\pro_dev\DEV\dse0.1.1\dse_rust\debug\target\debug\.fingerprint\dse_macros-c4e320fc8f9ba91f\test-lib-dse_macros.json", "JSON", 0, 0, 0, 0, 1, 0, 0, 0, 0, 0, 0, 1
"d:\pro_dev\DEV\dse0.1.1\dse_rust\debug\target\debug\.fingerprint\dse_macros-e72665ca586769fa\lib-dse_macros.json", "JSON", 0, 0, 0, 0, 1, 0, 0, 0, 0, 0, 0, 1
"d:\pro_dev\DEV\dse0.1.1\dse_rust\debug\target\debug\.fingerprint\either-eb1f7e67b0331b2a\lib-either.json", "JSON", 0, 0, 0, 0, 1, 0, 0, 0, 0, 0, 0, 1
"d:\pro_dev\DEV\dse0.1.1\dse_rust\debug\target\debug\.fingerprint\equivalent-1ddcc1c34f146777\lib-equivalent.json", "JSON", 0, 0, 0, 0, 1, 0, 0, 0, 0, 0, 0, 1
"d:\pro_dev\DEV\dse0.1.1\dse_rust\debug\target\debug\.fingerprint\equivalent-8283021b6286cbaf\lib-equivalent.json", "JSON", 0, 0, 0, 0, 1, 0, 0, 0, 0, 0, 0, 1
"d:\pro_dev\DEV\dse0.1.1\dse_rust\debug\target\debug\.fingerprint\equivalent-e25f577ed82fe501\lib-equivalent.json", "JSON", 0, 0, 0, 0, 1, 0, 0, 0, 0, 0, 0, 1
"d:\pro_dev\DEV\dse0.1.1\dse_rust\debug\target\debug\.fingerprint\errno-5ff1646eaffc601b\lib-errno.json", "JSON", 0, 0, 0, 0, 1, 0, 0, 0, 0, 0, 0, 1
"d:\pro_dev\DEV\dse0.1.1\dse_rust\debug\target\debug\.fingerprint\errno-9fc781de031b8274\lib-errno.json", "JSON", 0, 0, 0, 0, 1, 0, 0, 0, 0, 0, 0, 1
"d:\pro_dev\DEV\dse0.1.1\dse_rust\debug\target\debug\.fingerprint\errno-c773bde5ea290a87\lib-errno.json", "JSON", 0, 0, 0, 0, 1, 0, 0, 0, 0, 0, 0, 1
"d:\pro_dev\DEV\dse0.1.1\dse_rust\debug\target\debug\.fingerprint\errno-ec15a46ee806433c\lib-errno.json", "JSON", 0, 0, 0, 0, 1, 0, 0, 0, 0, 0, 0, 1
"d:\pro_dev\DEV\dse0.1.1\dse_rust\debug\target\debug\.fingerprint\failure-06ad234a5d63cd84\lib-failure.json", "JSON", 0, 0, 0, 0, 1, 0, 0, 0, 0, 0, 0, 1
"d:\pro_dev\DEV\dse0.1.1\dse_rust\debug\target\debug\.fingerprint\failure-95b95b03d24afa5b\lib-failure.json", "JSON", 0, 0, 0, 0, 1, 0, 0, 0, 0, 0, 0, 1
"d:\pro_dev\DEV\dse0.1.1\dse_rust\debug\target\debug\.fingerprint\failure_derive-6b052079512c4a47\lib-failure_derive.json", "JSON", 0, 0, 0, 0, 1, 0, 0, 0, 0, 0, 0, 1
"d:\pro_dev\DEV\dse0.1.1\dse_rust\debug\target\debug\.fingerprint\failure_derive-8aef01a78cb860a7\run-build-script-build-script-build.json", "JSON", 0, 0, 0, 0, 1, 0, 0, 0, 0, 0, 0, 1
"d:\pro_dev\DEV\dse0.1.1\dse_rust\debug\target\debug\.fingerprint\failure_derive-a89f9aaa4dc9882b\build-script-build-script-build.json", "JSON", 0, 0, 0, 0, 1, 0, 0, 0, 0, 0, 0, 1
"d:\pro_dev\DEV\dse0.1.1\dse_rust\debug\target\debug\.fingerprint\fdeflate-75258dcdadcaa506\lib-fdeflate.json", "JSON", 0, 0, 0, 0, 1, 0, 0, 0, 0, 0, 0, 1
"d:\pro_dev\DEV\dse0.1.1\dse_rust\debug\target\debug\.fingerprint\fdeflate-edf6153d6e120e82\lib-fdeflate.json", "JSON", 0, 0, 0, 0, 1, 0, 0, 0, 0, 0, 0, 1
"d:\pro_dev\DEV\dse0.1.1\dse_rust\debug\target\debug\.fingerprint\fdeflate-fbf01ec767186880\lib-fdeflate.json", "JSON", 0, 0, 0, 0, 1, 0, 0, 0, 0, 0, 0, 1
"d:\pro_dev\DEV\dse0.1.1\dse_rust\debug\target\debug\.fingerprint\flate2-2ffbd503aa848840\lib-flate2.json", "JSON", 0, 0, 0, 0, 1, 0, 0, 0, 0, 0, 0, 1
"d:\pro_dev\DEV\dse0.1.1\dse_rust\debug\target\debug\.fingerprint\flate2-37a18393509e1220\lib-flate2.json", "JSON", 0, 0, 0, 0, 1, 0, 0, 0, 0, 0, 0, 1
"d:\pro_dev\DEV\dse0.1.1\dse_rust\debug\target\debug\.fingerprint\flate2-93fb54069bbf0cf2\lib-flate2.json", "JSON", 0, 0, 0, 0, 1, 0, 0, 0, 0, 0, 0, 1
"d:\pro_dev\DEV\dse0.1.1\dse_rust\debug\target\debug\.fingerprint\futures-29dad15167981719\lib-futures.json", "JSON", 0, 0, 0, 0, 1, 0, 0, 0, 0, 0, 0, 1
"d:\pro_dev\DEV\dse0.1.1\dse_rust\debug\target\debug\.fingerprint\futures-channel-2d72e5743a460192\lib-futures_channel.json", "JSON", 0, 0, 0, 0, 1, 0, 0, 0, 0, 0, 0, 1
"d:\pro_dev\DEV\dse0.1.1\dse_rust\debug\target\debug\.fingerprint\futures-channel-5fecca84fbf045b7\lib-futures_channel.json", "JSON", 0, 0, 0, 0, 1, 0, 0, 0, 0, 0, 0, 1
"d:\pro_dev\DEV\dse0.1.1\dse_rust\debug\target\debug\.fingerprint\futures-channel-e951896dca8e663b\lib-futures_channel.json", "JSON", 0, 0, 0, 0, 1, 0, 0, 0, 0, 0, 0, 1
"d:\pro_dev\DEV\dse0.1.1\dse_rust\debug\target\debug\.fingerprint\futures-core-0a703a179237bb43\lib-futures_core.json", "JSON", 0, 0, 0, 0, 1, 0, 0, 0, 0, 0, 0, 1
"d:\pro_dev\DEV\dse0.1.1\dse_rust\debug\target\debug\.fingerprint\futures-core-2ea664ca56535261\lib-futures_core.json", "JSON", 0, 0, 0, 0, 1, 0, 0, 0, 0, 0, 0, 1
"d:\pro_dev\DEV\dse0.1.1\dse_rust\debug\target\debug\.fingerprint\futures-core-e06810e352862ea9\lib-futures_core.json", "JSON", 0, 0, 0, 0, 1, 0, 0, 0, 0, 0, 0, 1
"d:\pro_dev\DEV\dse0.1.1\dse_rust\debug\target\debug\.fingerprint\futures-e6c81044ab6ac271\lib-futures.json", "JSON", 0, 0, 0, 0, 1, 0, 0, 0, 0, 0, 0, 1
"d:\pro_dev\DEV\dse0.1.1\dse_rust\debug\target\debug\.fingerprint\futures-e8e6b6fa52e8420a\lib-futures.json", "JSON", 0, 0, 0, 0, 1, 0, 0, 0, 0, 0, 0, 1
"d:\pro_dev\DEV\dse0.1.1\dse_rust\debug\target\debug\.fingerprint\futures-io-601c71b68dad236f\lib-futures_io.json", "JSON", 0, 0, 0, 0, 1, 0, 0, 0, 0, 0, 0, 1
"d:\pro_dev\DEV\dse0.1.1\dse_rust\debug\target\debug\.fingerprint\futures-io-7aba636ac0d835a2\lib-futures_io.json", "JSON", 0, 0, 0, 0, 1, 0, 0, 0, 0, 0, 0, 1
"d:\pro_dev\DEV\dse0.1.1\dse_rust\debug\target\debug\.fingerprint\futures-io-b809e447b4b1deee\lib-futures_io.json", "JSON", 0, 0, 0, 0, 1, 0, 0, 0, 0, 0, 0, 1
"d:\pro_dev\DEV\dse0.1.1\dse_rust\debug\target\debug\.fingerprint\futures-sink-152e53ce192c59e3\lib-futures_sink.json", "JSON", 0, 0, 0, 0, 1, 0, 0, 0, 0, 0, 0, 1
"d:\pro_dev\DEV\dse0.1.1\dse_rust\debug\target\debug\.fingerprint\futures-sink-58ac168376ea395b\lib-futures_sink.json", "JSON", 0, 0, 0, 0, 1, 0, 0, 0, 0, 0, 0, 1
"d:\pro_dev\DEV\dse0.1.1\dse_rust\debug\target\debug\.fingerprint\futures-sink-f3c14004831a2fa9\lib-futures_sink.json", "JSON", 0, 0, 0, 0, 1, 0, 0, 0, 0, 0, 0, 1
"d:\pro_dev\DEV\dse0.1.1\dse_rust\debug\target\debug\.fingerprint\futures-task-a81ede2821d2f383\lib-futures_task.json", "JSON", 0, 0, 0, 0, 1, 0, 0, 0, 0, 0, 0, 1
"d:\pro_dev\DEV\dse0.1.1\dse_rust\debug\target\debug\.fingerprint\futures-task-c57e41689c28288c\lib-futures_task.json", "JSON", 0, 0, 0, 0, 1, 0, 0, 0, 0, 0, 0, 1
"d:\pro_dev\DEV\dse0.1.1\dse_rust\debug\target\debug\.fingerprint\futures-task-fca6e7fc144838cf\lib-futures_task.json", "JSON", 0, 0, 0, 0, 1, 0, 0, 0, 0, 0, 0, 1
"d:\pro_dev\DEV\dse0.1.1\dse_rust\debug\target\debug\.fingerprint\futures-util-431abfc9b0eaa4ba\lib-futures_util.json", "JSON", 0, 0, 0, 0, 1, 0, 0, 0, 0, 0, 0, 1
"d:\pro_dev\DEV\dse0.1.1\dse_rust\debug\target\debug\.fingerprint\futures-util-9b0f236063a3294c\lib-futures_util.json", "JSON", 0, 0, 0, 0, 1, 0, 0, 0, 0, 0, 0, 1
"d:\pro_dev\DEV\dse0.1.1\dse_rust\debug\target\debug\.fingerprint\futures-util-c8dbf11ca8445cd6\lib-futures_util.json", "JSON", 0, 0, 0, 0, 1, 0, 0, 0, 0, 0, 0, 1
"d:\pro_dev\DEV\dse0.1.1\dse_rust\debug\target\debug\.fingerprint\glam-5f042908cffc8529\lib-glam.json", "JSON", 0, 0, 0, 0, 1, 0, 0, 0, 0, 0, 0, 1
"d:\pro_dev\DEV\dse0.1.1\dse_rust\debug\target\debug\.fingerprint\glam-9bd1a62e591f4a23\lib-glam.json", "JSON", 0, 0, 0, 0, 1, 0, 0, 0, 0, 0, 0, 1
"d:\pro_dev\DEV\dse0.1.1\dse_rust\debug\target\debug\.fingerprint\glam-dd952dc15c55085a\lib-glam.json", "JSON", 0, 0, 0, 0, 1, 0, 0, 0, 0, 0, 0, 1
"d:\pro_dev\DEV\dse0.1.1\dse_rust\debug\target\debug\.fingerprint\glob-eb75cd2035f2f1b6\lib-glob.json", "JSON", 0, 0, 0, 0, 1, 0, 0, 0, 0, 0, 0, 1
"d:\pro_dev\DEV\dse0.1.1\dse_rust\debug\target\debug\.fingerprint\gltf-1af016272b57d94d\lib-gltf.json", "JSON", 0, 0, 0, 0, 1, 0, 0, 0, 0, 0, 0, 1
"d:\pro_dev\DEV\dse0.1.1\dse_rust\debug\target\debug\.fingerprint\gltf-489ccd380f3555df\lib-gltf.json", "JSON", 0, 0, 0, 0, 1, 0, 0, 0, 0, 0, 0, 1
"d:\pro_dev\DEV\dse0.1.1\dse_rust\debug\target\debug\.fingerprint\gltf-6cca5239a4afa479\lib-gltf.json", "JSON", 0, 0, 0, 0, 1, 0, 0, 0, 0, 0, 0, 1
"d:\pro_dev\DEV\dse0.1.1\dse_rust\debug\target\debug\.fingerprint\gltf-7e06840e0cfff0dd\lib-gltf.json", "JSON", 0, 0, 0, 0, 1, 0, 0, 0, 0, 0, 0, 1
"d:\pro_dev\DEV\dse0.1.1\dse_rust\debug\target\debug\.fingerprint\gltf-80e5105d69b2bc1f\lib-gltf.json", "JSON", 0, 0, 0, 0, 1, 0, 0, 0, 0, 0, 0, 1
"d:\pro_dev\DEV\dse0.1.1\dse_rust\debug\target\debug\.fingerprint\gltf-8c21306c10fe43d7\lib-gltf.json", "JSON", 0, 0, 0, 0, 1, 0, 0, 0, 0, 0, 0, 1
"d:\pro_dev\DEV\dse0.1.1\dse_rust\debug\target\debug\.fingerprint\gltf-ab5fa11505fcd383\lib-gltf.json", "JSON", 0, 0, 0, 0, 1, 0, 0, 0, 0, 0, 0, 1
"d:\pro_dev\DEV\dse0.1.1\dse_rust\debug\target\debug\.fingerprint\gltf-ae144a0c4169242b\lib-gltf.json", "JSON", 0, 0, 0, 0, 1, 0, 0, 0, 0, 0, 0, 1
"d:\pro_dev\DEV\dse0.1.1\dse_rust\debug\target\debug\.fingerprint\gltf-b3ca40d63006c813\lib-gltf.json", "JSON", 0, 0, 0, 0, 1, 0, 0, 0, 0, 0, 0, 1
"d:\pro_dev\DEV\dse0.1.1\dse_rust\debug\target\debug\.fingerprint\gltf-derive-6f1cff8165778bc7\lib-gltf_derive.json", "JSON", 0, 0, 0, 0, 1, 0, 0, 0, 0, 0, 0, 1
"d:\pro_dev\DEV\dse0.1.1\dse_rust\debug\target\debug\.fingerprint\gltf-derive-9a80d8b945b479b7\lib-gltf_derive.json", "JSON", 0, 0, 0, 0, 1, 0, 0, 0, 0, 0, 0, 1
"d:\pro_dev\DEV\dse0.1.1\dse_rust\debug\target\debug\.fingerprint\gltf-derive-e045c4bb6bf7d90b\lib-gltf_derive.json", "JSON", 0, 0, 0, 0, 1, 0, 0, 0, 0, 0, 0, 1
"d:\pro_dev\DEV\dse0.1.1\dse_rust\debug\target\debug\.fingerprint\gltf-json-0ed8893208b87dec\lib-gltf_json.json", "JSON", 0, 0, 0, 0, 1, 0, 0, 0, 0, 0, 0, 1
"d:\pro_dev\DEV\dse0.1.1\dse_rust\debug\target\debug\.fingerprint\gltf-json-48abbf2c1da7db35\lib-gltf_json.json", "JSON", 0, 0, 0, 0, 1, 0, 0, 0, 0, 0, 0, 1
"d:\pro_dev\DEV\dse0.1.1\dse_rust\debug\target\debug\.fingerprint\gltf-json-5397b7ab875671dc\lib-gltf_json.json", "JSON", 0, 0, 0, 0, 1, 0, 0, 0, 0, 0, 0, 1
"d:\pro_dev\DEV\dse0.1.1\dse_rust\debug\target\debug\.fingerprint\gltf-json-5d2cc6d2096f1bcf\lib-gltf_json.json", "JSON", 0, 0, 0, 0, 1, 0, 0, 0, 0, 0, 0, 1
"d:\pro_dev\DEV\dse0.1.1\dse_rust\debug\target\debug\.fingerprint\gltf-json-5d45e050507844d6\lib-gltf_json.json", "JSON", 0, 0, 0, 0, 1, 0, 0, 0, 0, 0, 0, 1
"d:\pro_dev\DEV\dse0.1.1\dse_rust\debug\target\debug\.fingerprint\gltf-json-6632beda1a80a220\lib-gltf_json.json", "JSON", 0, 0, 0, 0, 1, 0, 0, 0, 0, 0, 0, 1
"d:\pro_dev\DEV\dse0.1.1\dse_rust\debug\target\debug\.fingerprint\gltf-json-67745cb4afb4b12b\lib-gltf_json.json", "JSON", 0, 0, 0, 0, 1, 0, 0, 0, 0, 0, 0, 1
"d:\pro_dev\DEV\dse0.1.1\dse_rust\debug\target\debug\.fingerprint\gltf-json-a01dafcade7c8832\lib-gltf_json.json", "JSON", 0, 0, 0, 0, 1, 0, 0, 0, 0, 0, 0, 1
"d:\pro_dev\DEV\dse0.1.1\dse_rust\debug\target\debug\.fingerprint\gltf-json-aa3e8079a8782a7d\lib-gltf_json.json", "JSON", 0, 0, 0, 0, 1, 0, 0, 0, 0, 0, 0, 1
"d:\pro_dev\DEV\dse0.1.1\dse_rust\debug\target\debug\.fingerprint\hashbrown-320887eae03bbaa4\lib-hashbrown.json", "JSON", 0, 0, 0, 0, 1, 0, 0, 0, 0, 0, 0, 1
"d:\pro_dev\DEV\dse0.1.1\dse_rust\debug\target\debug\.fingerprint\hashbrown-321327da9420f0d2\lib-hashbrown.json", "JSON", 0, 0, 0, 0, 1, 0, 0, 0, 0, 0, 0, 1
"d:\pro_dev\DEV\dse0.1.1\dse_rust\debug\target\debug\.fingerprint\hashbrown-39837229e2a55589\lib-hashbrown.json", "JSON", 0, 0, 0, 0, 1, 0, 0, 0, 0, 0, 0, 1
"d:\pro_dev\DEV\dse0.1.1\dse_rust\debug\target\debug\.fingerprint\hashbrown-3a4002c7da586c1b\lib-hashbrown.json", "JSON", 0, 0, 0, 0, 1, 0, 0, 0, 0, 0, 0, 1
"d:\pro_dev\DEV\dse0.1.1\dse_rust\debug\target\debug\.fingerprint\hashbrown-3cc07fd4d8d18908\lib-hashbrown.json", "JSON", 0, 0, 0, 0, 1, 0, 0, 0, 0, 0, 0, 1
"d:\pro_dev\DEV\dse0.1.1\dse_rust\debug\target\debug\.fingerprint\hashbrown-59062fbf544be039\lib-hashbrown.json", "JSON", 0, 0, 0, 0, 1, 0, 0, 0, 0, 0, 0, 1
"d:\pro_dev\DEV\dse0.1.1\dse_rust\debug\target\debug\.fingerprint\hashbrown-eb09c276b94c1370\lib-hashbrown.json", "JSON", 0, 0, 0, 0, 1, 0, 0, 0, 0, 0, 0, 1
"d:\pro_dev\DEV\dse0.1.1\dse_rust\debug\target\debug\.fingerprint\hashbrown-f578a81f06e9aad8\lib-hashbrown.json", "JSON", 0, 0, 0, 0, 1, 0, 0, 0, 0, 0, 0, 1
"d:\pro_dev\DEV\dse0.1.1\dse_rust\debug\target\debug\.fingerprint\home-72602750bd3f909c\lib-home.json", "JSON", 0, 0, 0, 0, 1, 0, 0, 0, 0, 0, 0, 1
"d:\pro_dev\DEV\dse0.1.1\dse_rust\debug\target\debug\.fingerprint\hwloc-027612c9e09ab05e\lib-hwloc.json", "JSON", 0, 0, 0, 0, 1, 0, 0, 0, 0, 0, 0, 1
"d:\pro_dev\DEV\dse0.1.1\dse_rust\debug\target\debug\.fingerprint\hwloc-02b3b1a1d5070bd4\lib-hwloc.json", "JSON", 0, 0, 0, 0, 1, 0, 0, 0, 0, 0, 0, 1
"d:\pro_dev\DEV\dse0.1.1\dse_rust\debug\target\debug\.fingerprint\hwloc-0939d9633db18f99\lib-hwloc.json", "JSON", 0, 0, 0, 0, 1, 0, 0, 0, 0, 0, 0, 1
"d:\pro_dev\DEV\dse0.1.1\dse_rust\debug\target\debug\.fingerprint\hwloc-1324714a4f1b5be5\run-build-script-build-script-build.json", "JSON", 0, 0, 0, 0, 1, 0, 0, 0, 0, 0, 0, 1
"d:\pro_dev\DEV\dse0.1.1\dse_rust\debug\target\debug\.fingerprint\hwloc-71483d4d99347d3b\lib-hwloc.json", "JSON", 0, 0, 0, 0, 1, 0, 0, 0, 0, 0, 0, 1
"d:\pro_dev\DEV\dse0.1.1\dse_rust\debug\target\debug\.fingerprint\hwloc-8daa12019e661049\lib-hwloc.json", "JSON", 0, 0, 0, 0, 1, 0, 0, 0, 0, 0, 0, 1
"d:\pro_dev\DEV\dse0.1.1\dse_rust\debug\target\debug\.fingerprint\hwloc-9b17210a28f14ecf\lib-hwloc.json", "JSON", 0, 0, 0, 0, 1, 0, 0, 0, 0, 0, 0, 1
"d:\pro_dev\DEV\dse0.1.1\dse_rust\debug\target\debug\.fingerprint\hwloc-f0865fa0a0c14c12\build-script-build-script-build.json", "JSON", 0, 0, 0, 0, 1, 0, 0, 0, 0, 0, 0, 1
"d:\pro_dev\DEV\dse0.1.1\dse_rust\debug\target\debug\.fingerprint\image-2469a8612ef3d91c\lib-image.json", "JSON", 0, 0, 0, 0, 1, 0, 0, 0, 0, 0, 0, 1
"d:\pro_dev\DEV\dse0.1.1\dse_rust\debug\target\debug\.fingerprint\image-c0b91169a84204a2\lib-image.json", "JSON", 0, 0, 0, 0, 1, 0, 0, 0, 0, 0, 0, 1
"d:\pro_dev\DEV\dse0.1.1\dse_rust\debug\target\debug\.fingerprint\image-e82b4d2f385bc1ae\lib-image.json", "JSON", 0, 0, 0, 0, 1, 0, 0, 0, 0, 0, 0, 1
"d:\pro_dev\DEV\dse0.1.1\dse_rust\debug\target\debug\.fingerprint\indexmap-21398b966ead6e71\lib-indexmap.json", "JSON", 0, 0, 0, 0, 1, 0, 0, 0, 0, 0, 0, 1
"d:\pro_dev\DEV\dse0.1.1\dse_rust\debug\target\debug\.fingerprint\indexmap-3c336ebb7e31c76b\lib-indexmap.json", "JSON", 0, 0, 0, 0, 1, 0, 0, 0, 0, 0, 0, 1
"d:\pro_dev\DEV\dse0.1.1\dse_rust\debug\target\debug\.fingerprint\indexmap-48e3f7f298d7cda6\lib-indexmap.json", "JSON", 0, 0, 0, 0, 1, 0, 0, 0, 0, 0, 0, 1
"d:\pro_dev\DEV\dse0.1.1\dse_rust\debug\target\debug\.fingerprint\indexmap-4f77ba59c2d64c9d\lib-indexmap.json", "JSON", 0, 0, 0, 0, 1, 0, 0, 0, 0, 0, 0, 1
"d:\pro_dev\DEV\dse0.1.1\dse_rust\debug\target\debug\.fingerprint\indexmap-5af7d40a687d9607\lib-indexmap.json", "JSON", 0, 0, 0, 0, 1, 0, 0, 0, 0, 0, 0, 1
"d:\pro_dev\DEV\dse0.1.1\dse_rust\debug\target\debug\.fingerprint\indexmap-896cb0fded8b1a48\lib-indexmap.json", "JSON", 0, 0, 0, 0, 1, 0, 0, 0, 0, 0, 0, 1
"d:\pro_dev\DEV\dse0.1.1\dse_rust\debug\target\debug\.fingerprint\indexmap-a397dd50decfaa5a\lib-indexmap.json", "JSON", 0, 0, 0, 0, 1, 0, 0, 0, 0, 0, 0, 1
"d:\pro_dev\DEV\dse0.1.1\dse_rust\debug\target\debug\.fingerprint\indexmap-bf7c637cfceae2d5\lib-indexmap.json", "JSON", 0, 0, 0, 0, 1, 0, 0, 0, 0, 0, 0, 1
"d:\pro_dev\DEV\dse0.1.1\dse_rust\debug\target\debug\.fingerprint\inflections-e3eeeddb12fa3a73\lib-inflections.json", "JSON", 0, 0, 0, 0, 1, 0, 0, 0, 0, 0, 0, 1
"d:\pro_dev\DEV\dse0.1.1\dse_rust\debug\target\debug\.fingerprint\itoa-5b08ff3860ef98e0\lib-itoa.json", "JSON", 0, 0, 0, 0, 1, 0, 0, 0, 0, 0, 0, 1
"d:\pro_dev\DEV\dse0.1.1\dse_rust\debug\target\debug\.fingerprint\itoa-daaa44170661e981\lib-itoa.json", "JSON", 0, 0, 0, 0, 1, 0, 0, 0, 0, 0, 0, 1
"d:\pro_dev\DEV\dse0.1.1\dse_rust\debug\target\debug\.fingerprint\itoa-ee67ac7b2f9c0b22\lib-itoa.json", "JSON", 0, 0, 0, 0, 1, 0, 0, 0, 0, 0, 0, 1
"d:\pro_dev\DEV\dse0.1.1\dse_rust\debug\target\debug\.fingerprint\jpeg-decoder-28d3533706975c74\lib-jpeg_decoder.json", "JSON", 0, 0, 0, 0, 1, 0, 0, 0, 0, 0, 0, 1
"d:\pro_dev\DEV\dse0.1.1\dse_rust\debug\target\debug\.fingerprint\jpeg-decoder-de0b5842d657f3ab\lib-jpeg_decoder.json", "JSON", 0, 0, 0, 0, 1, 0, 0, 0, 0, 0, 0, 1
"d:\pro_dev\DEV\dse0.1.1\dse_rust\debug\target\debug\.fingerprint\jpeg-decoder-e32e10768de47276\lib-jpeg_decoder.json", "JSON", 0, 0, 0, 0, 1, 0, 0, 0, 0, 0, 0, 1
"d:\pro_dev\DEV\dse0.1.1\dse_rust\debug\target\debug\.fingerprint\kernel32-sys-028fd53ccb0baf87\lib-kernel32.json", "JSON", 0, 0, 0, 0, 1, 0, 0, 0, 0, 0, 0, 1
"d:\pro_dev\DEV\dse0.1.1\dse_rust\debug\target\debug\.fingerprint\kernel32-sys-03ef0eff97ced5d6\build-script-build-script-build.json", "JSON", 0, 0, 0, 0, 1, 0, 0, 0, 0, 0, 0, 1
"d:\pro_dev\DEV\dse0.1.1\dse_rust\debug\target\debug\.fingerprint\kernel32-sys-1157d3540b383a0a\lib-kernel32.json", "JSON", 0, 0, 0, 0, 1, 0, 0, 0, 0, 0, 0, 1
"d:\pro_dev\DEV\dse0.1.1\dse_rust\debug\target\debug\.fingerprint\kernel32-sys-677f1890fbc00605\run-build-script-build-script-build.json", "JSON", 0, 0, 0, 0, 1, 0, 0, 0, 0, 0, 0, 1
"d:\pro_dev\DEV\dse0.1.1\dse_rust\debug\target\debug\.fingerprint\kernel32-sys-e294b5dc3c07ba66\lib-kernel32.json", "JSON", 0, 0, 0, 0, 1, 0, 0, 0, 0, 0, 0, 1
"d:\pro_dev\DEV\dse0.1.1\dse_rust\debug\target\debug\.fingerprint\lazy_static-1b2aa05184283f8f\lib-lazy_static.json", "JSON", 0, 0, 0, 0, 1, 0, 0, 0, 0, 0, 0, 1
"d:\pro_dev\DEV\dse0.1.1\dse_rust\debug\target\debug\.fingerprint\lazy_static-54bb525b8a7d0a77\lib-lazy_static.json", "JSON", 0, 0, 0, 0, 1, 0, 0, 0, 0, 0, 0, 1
"d:\pro_dev\DEV\dse0.1.1\dse_rust\debug\target\debug\.fingerprint\lazy_static-5f90ab49627489f9\lib-lazy_static.json", "JSON", 0, 0, 0, 0, 1, 0, 0, 0, 0, 0, 0, 1
"d:\pro_dev\DEV\dse0.1.1\dse_rust\debug\target\debug\.fingerprint\lazy_static-75530db86fbd277c\lib-lazy_static.json", "JSON", 0, 0, 0, 0, 1, 0, 0, 0, 0, 0, 0, 1
"d:\pro_dev\DEV\dse0.1.1\dse_rust\debug\target\debug\.fingerprint\lazy_static-bede105fbdbd9ca1\lib-lazy_static.json", "JSON", 0, 0, 0, 0, 1, 0, 0, 0, 0, 0, 0, 1
"d:\pro_dev\DEV\dse0.1.1\dse_rust\debug\target\debug\.fingerprint\lazy_static-f47b5cbad6d62474\lib-lazy_static.json", "JSON", 0, 0, 0, 0, 1, 0, 0, 0, 0, 0, 0, 1
"d:\pro_dev\DEV\dse0.1.1\dse_rust\debug\target\debug\.fingerprint\lazycell-ae59c72414e780d4\lib-lazycell.json", "JSON", 0, 0, 0, 0, 1, 0, 0, 0, 0, 0, 0, 1
"d:\pro_dev\DEV\dse0.1.1\dse_rust\debug\target\debug\.fingerprint\libc-4a2b1b8ebf238825\run-build-script-build-script-build.json", "JSON", 0, 0, 0, 0, 1, 0, 0, 0, 0, 0, 0, 1
"d:\pro_dev\DEV\dse0.1.1\dse_rust\debug\target\debug\.fingerprint\libc-4fcec7a7fa627356\lib-libc.json", "JSON", 0, 0, 0, 0, 1, 0, 0, 0, 0, 0, 0, 1
"d:\pro_dev\DEV\dse0.1.1\dse_rust\debug\target\debug\.fingerprint\libc-5583c78b180ce969\lib-libc.json", "JSON", 0, 0, 0, 0, 1, 0, 0, 0, 0, 0, 0, 1
"d:\pro_dev\DEV\dse0.1.1\dse_rust\debug\target\debug\.fingerprint\libc-558fa614843b7f42\run-build-script-build-script-build.json", "JSON", 0, 0, 0, 0, 1, 0, 0, 0, 0, 0, 0, 1
"d:\pro_dev\DEV\dse0.1.1\dse_rust\debug\target\debug\.fingerprint\libc-7989691cfb170498\lib-libc.json", "JSON", 0, 0, 0, 0, 1, 0, 0, 0, 0, 0, 0, 1
"d:\pro_dev\DEV\dse0.1.1\dse_rust\debug\target\debug\.fingerprint\libc-8425a38039120bb1\lib-libc.json", "JSON", 0, 0, 0, 0, 1, 0, 0, 0, 0, 0, 0, 1
"d:\pro_dev\DEV\dse0.1.1\dse_rust\debug\target\debug\.fingerprint\libc-99edd6098f9c54c8\lib-libc.json", "JSON", 0, 0, 0, 0, 1, 0, 0, 0, 0, 0, 0, 1
"d:\pro_dev\DEV\dse0.1.1\dse_rust\debug\target\debug\.fingerprint\libc-b38a921f904ca286\build-script-build-script-build.json", "JSON", 0, 0, 0, 0, 1, 0, 0, 0, 0, 0, 0, 1
"d:\pro_dev\DEV\dse0.1.1\dse_rust\debug\target\debug\.fingerprint\libc-b54e039aeebab12d\lib-libc.json", "JSON", 0, 0, 0, 0, 1, 0, 0, 0, 0, 0, 0, 1
"d:\pro_dev\DEV\dse0.1.1\dse_rust\debug\target\debug\.fingerprint\libc-ce96f8a0844f2316\build-script-build-script-build.json", "JSON", 0, 0, 0, 0, 1, 0, 0, 0, 0, 0, 0, 1
"d:\pro_dev\DEV\dse0.1.1\dse_rust\debug\target\debug\.fingerprint\libloading-0f7110a055cf9cb9\lib-libloading.json", "JSON", 0, 0, 0, 0, 1, 0, 0, 0, 0, 0, 0, 1
"d:\pro_dev\DEV\dse0.1.1\dse_rust\debug\target\debug\.fingerprint\libloading-38979c1b9fcfddba\lib-libloading.json", "JSON", 0, 0, 0, 0, 1, 0, 0, 0, 0, 0, 0, 1
"d:\pro_dev\DEV\dse0.1.1\dse_rust\debug\target\debug\.fingerprint\libloading-b63eb71100cab06b\lib-libloading.json", "JSON", 0, 0, 0, 0, 1, 0, 0, 0, 0, 0, 0, 1
"d:\pro_dev\DEV\dse0.1.1\dse_rust\debug\target\debug\.fingerprint\libloading-d18d675dbacfed2a\lib-libloading.json", "JSON", 0, 0, 0, 0, 1, 0, 0, 0, 0, 0, 0, 1
"d:\pro_dev\DEV\dse0.1.1\dse_rust\debug\target\debug\.fingerprint\lock_api-1067ed35d78e04e4\lib-lock_api.json", "JSON", 0, 0, 0, 0, 1, 0, 0, 0, 0, 0, 0, 1
"d:\pro_dev\DEV\dse0.1.1\dse_rust\debug\target\debug\.fingerprint\lock_api-61354804f13f2377\lib-lock_api.json", "JSON", 0, 0, 0, 0, 1, 0, 0, 0, 0, 0, 0, 1
"d:\pro_dev\DEV\dse0.1.1\dse_rust\debug\target\debug\.fingerprint\lock_api-a95c9bb2605d5cc9\run-build-script-build-script-build.json", "JSON", 0, 0, 0, 0, 1, 0, 0, 0, 0, 0, 0, 1
"d:\pro_dev\DEV\dse0.1.1\dse_rust\debug\target\debug\.fingerprint\lock_api-ad8a02a4b2086f98\build-script-build-script-build.json", "JSON", 0, 0, 0, 0, 1, 0, 0, 0, 0, 0, 0, 1
"d:\pro_dev\DEV\dse0.1.1\dse_rust\debug\target\debug\.fingerprint\lock_api-d1195bf943687301\lib-lock_api.json", "JSON", 0, 0, 0, 0, 1, 0, 0, 0, 0, 0, 0, 1
"d:\pro_dev\DEV\dse0.1.1\dse_rust\debug\target\debug\.fingerprint\log-f173288fe5a0a9ca\lib-log.json", "JSON", 0, 0, 0, 0, 1, 0, 0, 0, 0, 0, 0, 1
"d:\pro_dev\DEV\dse0.1.1\dse_rust\debug\target\debug\.fingerprint\memchr-63fbe206a4b2ae7f\lib-memchr.json", "JSON", 0, 0, 0, 0, 1, 0, 0, 0, 0, 0, 0, 1
"d:\pro_dev\DEV\dse0.1.1\dse_rust\debug\target\debug\.fingerprint\minimal-lexical-f2ec5a3c36d5cda7\lib-minimal_lexical.json", "JSON", 0, 0, 0, 0, 1, 0, 0, 0, 0, 0, 0, 1
"d:\pro_dev\DEV\dse0.1.1\dse_rust\debug\target\debug\.fingerprint\miniz_oxide-7a69671cccc5fe7c\lib-miniz_oxide.json", "JSON", 0, 0, 0, 0, 1, 0, 0, 0, 0, 0, 0, 1
"d:\pro_dev\DEV\dse0.1.1\dse_rust\debug\target\debug\.fingerprint\miniz_oxide-8be4da28c2deb922\lib-miniz_oxide.json", "JSON", 0, 0, 0, 0, 1, 0, 0, 0, 0, 0, 0, 1
"d:\pro_dev\DEV\dse0.1.1\dse_rust\debug\target\debug\.fingerprint\miniz_oxide-e21ef122db255b07\lib-miniz_oxide.json", "JSON", 0, 0, 0, 0, 1, 0, 0, 0, 0, 0, 0, 1
"d:\pro_dev\DEV\dse0.1.1\dse_rust\debug\target\debug\.fingerprint\nom-600b6ab5af2590b1\lib-nom.json", "JSON", 0, 0, 0, 0, 1, 0, 0, 0, 0, 0, 0, 1
"d:\pro_dev\DEV\dse0.1.1\dse_rust\debug\target\debug\.fingerprint\num-42e34b196e3352db\lib-num.json", "JSON", 0, 0, 0, 0, 1, 0, 0, 0, 0, 0, 0, 1
"d:\pro_dev\DEV\dse0.1.1\dse_rust\debug\target\debug\.fingerprint\num-b58b7a7394d66c30\lib-num.json", "JSON", 0, 0, 0, 0, 1, 0, 0, 0, 0, 0, 0, 1
"d:\pro_dev\DEV\dse0.1.1\dse_rust\debug\target\debug\.fingerprint\num-f7ef2a5cc168bb48\lib-num.json", "JSON", 0, 0, 0, 0, 1, 0, 0, 0, 0, 0, 0, 1
"d:\pro_dev\DEV\dse0.1.1\dse_rust\debug\target\debug\.fingerprint\num-integer-250e77e51746e154\lib-num_integer.json", "JSON", 0, 0, 0, 0, 1, 0, 0, 0, 0, 0, 0, 1
"d:\pro_dev\DEV\dse0.1.1\dse_rust\debug\target\debug\.fingerprint\num-integer-4eec8620596d85c4\lib-num_integer.json", "JSON", 0, 0, 0, 0, 1, 0, 0, 0, 0, 0, 0, 1
"d:\pro_dev\DEV\dse0.1.1\dse_rust\debug\target\debug\.fingerprint\num-integer-a84d7bbec019b430\lib-num_integer.json", "JSON", 0, 0, 0, 0, 1, 0, 0, 0, 0, 0, 0, 1
"d:\pro_dev\DEV\dse0.1.1\dse_rust\debug\target\debug\.fingerprint\num-iter-2293bf5fef9ec191\lib-num_iter.json", "JSON", 0, 0, 0, 0, 1, 0, 0, 0, 0, 0, 0, 1
"d:\pro_dev\DEV\dse0.1.1\dse_rust\debug\target\debug\.fingerprint\num-iter-d467937b5df4666a\lib-num_iter.json", "JSON", 0, 0, 0, 0, 1, 0, 0, 0, 0, 0, 0, 1
"d:\pro_dev\DEV\dse0.1.1\dse_rust\debug\target\debug\.fingerprint\num-iter-fb0c35cd95a7b522\lib-num_iter.json", "JSON", 0, 0, 0, 0, 1, 0, 0, 0, 0, 0, 0, 1
"d:\pro_dev\DEV\dse0.1.1\dse_rust\debug\target\debug\.fingerprint\num-traits-024e91eda1ca8ac7\build-script-build-script-build.json", "JSON", 0, 0, 0, 0, 1, 0, 0, 0, 0, 0, 0, 1
"d:\pro_dev\DEV\dse0.1.1\dse_rust\debug\target\debug\.fingerprint\num-traits-5c95ef17347a9af3\lib-num_traits.json", "JSON", 0, 0, 0, 0, 1, 0, 0, 0, 0, 0, 0, 1
"d:\pro_dev\DEV\dse0.1.1\dse_rust\debug\target\debug\.fingerprint\num-traits-60092a696cae12be\run-build-script-build-script-build.json", "JSON", 0, 0, 0, 0, 1, 0, 0, 0, 0, 0, 0, 1
"d:\pro_dev\DEV\dse0.1.1\dse_rust\debug\target\debug\.fingerprint\num-traits-7cc3443e634493c4\lib-num_traits.json", "JSON", 0, 0, 0, 0, 1, 0, 0, 0, 0, 0, 0, 1
"d:\pro_dev\DEV\dse0.1.1\dse_rust\debug\target\debug\.fingerprint\num-traits-c4380f972dcea37a\lib-num_traits.json", "JSON", 0, 0, 0, 0, 1, 0, 0, 0, 0, 0, 0, 1
"d:\pro_dev\DEV\dse0.1.1\dse_rust\debug\target\debug\.fingerprint\once_cell-2a6271615cc5cd42\lib-once_cell.json", "JSON", 0, 0, 0, 0, 1, 0, 0, 0, 0, 0, 0, 1
"d:\pro_dev\DEV\dse0.1.1\dse_rust\debug\target\debug\.fingerprint\once_cell-84b94b97ea24f67b\lib-once_cell.json", "JSON", 0, 0, 0, 0, 1, 0, 0, 0, 0, 0, 0, 1
"d:\pro_dev\DEV\dse0.1.1\dse_rust\debug\target\debug\.fingerprint\once_cell-ad3308788c963507\lib-once_cell.json", "JSON", 0, 0, 0, 0, 1, 0, 0, 0, 0, 0, 0, 1
"d:\pro_dev\DEV\dse0.1.1\dse_rust\debug\target\debug\.fingerprint\once_cell-d68531698784d033\lib-once_cell.json", "JSON", 0, 0, 0, 0, 1, 0, 0, 0, 0, 0, 0, 1
"d:\pro_dev\DEV\dse0.1.1\dse_rust\debug\target\debug\.fingerprint\peeking_take_while-6263750d30d4f38a\lib-peeking_take_while.json", "JSON", 0, 0, 0, 0, 1, 0, 0, 0, 0, 0, 0, 1
"d:\pro_dev\DEV\dse0.1.1\dse_rust\debug\target\debug\.fingerprint\pin-project-7e8bf8ba3f4fe326\lib-pin_project.json", "JSON", 0, 0, 0, 0, 1, 0, 0, 0, 0, 0, 0, 1
"d:\pro_dev\DEV\dse0.1.1\dse_rust\debug\target\debug\.fingerprint\pin-project-af4d164108eee700\lib-pin_project.json", "JSON", 0, 0, 0, 0, 1, 0, 0, 0, 0, 0, 0, 1
"d:\pro_dev\DEV\dse0.1.1\dse_rust\debug\target\debug\.fingerprint\pin-project-c88746875267d95b\lib-pin_project.json", "JSON", 0, 0, 0, 0, 1, 0, 0, 0, 0, 0, 0, 1
"d:\pro_dev\DEV\dse0.1.1\dse_rust\debug\target\debug\.fingerprint\pin-project-internal-9cf30d320673bf2c\lib-pin_project_internal.json", "JSON", 0, 0, 0, 0, 1, 0, 0, 0, 0, 0, 0, 1
"d:\pro_dev\DEV\dse0.1.1\dse_rust\debug\target\debug\.fingerprint\pin-project-lite-33502763f8127f3e\lib-pin_project_lite.json", "JSON", 0, 0, 0, 0, 1, 0, 0, 0, 0, 0, 0, 1
"d:\pro_dev\DEV\dse0.1.1\dse_rust\debug\target\debug\.fingerprint\pin-project-lite-c1a285380b388093\lib-pin_project_lite.json", "JSON", 0, 0, 0, 0, 1, 0, 0, 0, 0, 0, 0, 1
"d:\pro_dev\DEV\dse0.1.1\dse_rust\debug\target\debug\.fingerprint\pin-project-lite-c2856b841f2f0624\lib-pin_project_lite.json", "JSON", 0, 0, 0, 0, 1, 0, 0, 0, 0, 0, 0, 1
"d:\pro_dev\DEV\dse0.1.1\dse_rust\debug\target\debug\.fingerprint\pin-utils-9d9a9e5e1b2c045c\lib-pin_utils.json", "JSON", 0, 0, 0, 0, 1, 0, 0, 0, 0, 0, 0, 1
"d:\pro_dev\DEV\dse0.1.1\dse_rust\debug\target\debug\.fingerprint\pin-utils-cdf15da9de6652f6\lib-pin_utils.json", "JSON", 0, 0, 0, 0, 1, 0, 0, 0, 0, 0, 0, 1
"d:\pro_dev\DEV\dse0.1.1\dse_rust\debug\target\debug\.fingerprint\pin-utils-e421402489676a90\lib-pin_utils.json", "JSON", 0, 0, 0, 0, 1, 0, 0, 0, 0, 0, 0, 1
"d:\pro_dev\DEV\dse0.1.1\dse_rust\debug\target\debug\.fingerprint\pkg-config-0bfc1299271ce0a9\lib-pkg_config.json", "JSON", 0, 0, 0, 0, 1, 0, 0, 0, 0, 0, 0, 1
"d:\pro_dev\DEV\dse0.1.1\dse_rust\debug\target\debug\.fingerprint\png-46227306fa458962\lib-png.json", "JSON", 0, 0, 0, 0, 1, 0, 0, 0, 0, 0, 0, 1
"d:\pro_dev\DEV\dse0.1.1\dse_rust\debug\target\debug\.fingerprint\png-a535706b21d1079b\lib-png.json", "JSON", 0, 0, 0, 0, 1, 0, 0, 0, 0, 0, 0, 1
"d:\pro_dev\DEV\dse0.1.1\dse_rust\debug\target\debug\.fingerprint\png-ae5d495db08b15f7\lib-png.json", "JSON", 0, 0, 0, 0, 1, 0, 0, 0, 0, 0, 0, 1
"d:\pro_dev\DEV\dse0.1.1\dse_rust\debug\target\debug\.fingerprint\prettyplease-18b27be35aa53e96\run-build-script-build-script-build.json", "JSON", 0, 0, 0, 0, 1, 0, 0, 0, 0, 0, 0, 1
"d:\pro_dev\DEV\dse0.1.1\dse_rust\debug\target\debug\.fingerprint\prettyplease-bbcfe1b5d3717d27\build-script-build-script-build.json", "JSON", 0, 0, 0, 0, 1, 0, 0, 0, 0, 0, 0, 1
"d:\pro_dev\DEV\dse0.1.1\dse_rust\debug\target\debug\.fingerprint\prettyplease-c3882b0505335552\lib-prettyplease.json", "JSON", 0, 0, 0, 0, 1, 0, 0, 0, 0, 0, 0, 1
"d:\pro_dev\DEV\dse0.1.1\dse_rust\debug\target\debug\.fingerprint\proc-macro2-407e912ef610664f\run-build-script-build-script-build.json", "JSON", 0, 0, 0, 0, 1, 0, 0, 0, 0, 0, 0, 1
"d:\pro_dev\DEV\dse0.1.1\dse_rust\debug\target\debug\.fingerprint\proc-macro2-919dc9c859a27965\build-script-build-script-build.json", "JSON", 0, 0, 0, 0, 1, 0, 0, 0, 0, 0, 0, 1
"d:\pro_dev\DEV\dse0.1.1\dse_rust\debug\target\debug\.fingerprint\proc-macro2-9e46a41960899776\lib-proc_macro2.json", "JSON", 0, 0, 0, 0, 1, 0, 0, 0, 0, 0, 0, 1
"d:\pro_dev\DEV\dse0.1.1\dse_rust\debug\target\debug\.fingerprint\proc-macro2-b990b8ab70bbb2ad\lib-proc_macro2.json", "JSON", 0, 0, 0, 0, 1, 0, 0, 0, 0, 0, 0, 1
"d:\pro_dev\DEV\dse0.1.1\dse_rust\debug\target\debug\.fingerprint\proc-macro2-d38ed0b03cdd7206\run-build-script-build-script-build.json", "JSON", 0, 0, 0, 0, 1, 0, 0, 0, 0, 0, 0, 1
"d:\pro_dev\DEV\dse0.1.1\dse_rust\debug\target\debug\.fingerprint\proc-macro2-d52761e840d69478\lib-proc_macro2.json", "JSON", 0, 0, 0, 0, 1, 0, 0, 0, 0, 0, 0, 1
"d:\pro_dev\DEV\dse0.1.1\dse_rust\debug\target\debug\.fingerprint\proc-macro2-dc38b1fa09fe15c4\build-script-build-script-build.json", "JSON", 0, 0, 0, 0, 1, 0, 0, 0, 0, 0, 0, 1
"d:\pro_dev\DEV\dse0.1.1\dse_rust\debug\target\debug\.fingerprint\proc-macro2-f91d3567a3f0164b\lib-proc_macro2.json", "JSON", 0, 0, 0, 0, 1, 0, 0, 0, 0, 0, 0, 1
"d:\pro_dev\DEV\dse0.1.1\dse_rust\debug\target\debug\.fingerprint\quote-02cdf1373f020bad\lib-quote.json", "JSON", 0, 0, 0, 0, 1, 0, 0, 0, 0, 0, 0, 1
"d:\pro_dev\DEV\dse0.1.1\dse_rust\debug\target\debug\.fingerprint\quote-63da174bfa814976\lib-quote.json", "JSON", 0, 0, 0, 0, 1, 0, 0, 0, 0, 0, 0, 1
"d:\pro_dev\DEV\dse0.1.1\dse_rust\debug\target\debug\.fingerprint\quote-7c61d93dfb9bdc9e\lib-quote.json", "JSON", 0, 0, 0, 0, 1, 0, 0, 0, 0, 0, 0, 1
"d:\pro_dev\DEV\dse0.1.1\dse_rust\debug\target\debug\.fingerprint\quote-7df6e1edb5e1c46a\lib-quote.json", "JSON", 0, 0, 0, 0, 1, 0, 0, 0, 0, 0, 0, 1
"d:\pro_dev\DEV\dse0.1.1\dse_rust\debug\target\debug\.fingerprint\regex-08060cf384dea72a\lib-regex.json", "JSON", 0, 0, 0, 0, 1, 0, 0, 0, 0, 0, 0, 1
"d:\pro_dev\DEV\dse0.1.1\dse_rust\debug\target\debug\.fingerprint\regex-automata-15028eb6df529894\lib-regex_automata.json", "JSON", 0, 0, 0, 0, 1, 0, 0, 0, 0, 0, 0, 1
"d:\pro_dev\DEV\dse0.1.1\dse_rust\debug\target\debug\.fingerprint\regex-syntax-35c0c30143124a63\lib-regex_syntax.json", "JSON", 0, 0, 0, 0, 1, 0, 0, 0, 0, 0, 0, 1
"d:\pro_dev\DEV\dse0.1.1\dse_rust\debug\target\debug\.fingerprint\roxmltree-a8a4d18e3c2dc9f7\lib-roxmltree.json", "JSON", 0, 0, 0, 0, 1, 0, 0, 0, 0, 0, 0, 1
"d:\pro_dev\DEV\dse0.1.1\dse_rust\debug\target\debug\.fingerprint\rustc-demangle-307ec53b2b54fc0e\lib-rustc_demangle.json", "JSON", 0, 0, 0, 0, 1, 0, 0, 0, 0, 0, 0, 1
"d:\pro_dev\DEV\dse0.1.1\dse_rust\debug\target\debug\.fingerprint\rustc-hash-a828ab4eaefc704e\lib-rustc_hash.json", "JSON", 0, 0, 0, 0, 1, 0, 0, 0, 0, 0, 0, 1
"d:\pro_dev\DEV\dse0.1.1\dse_rust\debug\target\debug\.fingerprint\rustix-25066f0dc79194a8\run-build-script-build-script-build.json", "JSON", 0, 0, 0, 0, 1, 0, 0, 0, 0, 0, 0, 1
"d:\pro_dev\DEV\dse0.1.1\dse_rust\debug\target\debug\.fingerprint\rustix-bd50248b362a7dfd\lib-rustix.json", "JSON", 0, 0, 0, 0, 1, 0, 0, 0, 0, 0, 0, 1
"d:\pro_dev\DEV\dse0.1.1\dse_rust\debug\target\debug\.fingerprint\rustix-e035dafaac0b05d4\build-script-build-script-build.json", "JSON", 0, 0, 0, 0, 1, 0, 0, 0, 0, 0, 0, 1
"d:\pro_dev\DEV\dse0.1.1\dse_rust\debug\target\debug\.fingerprint\ryu-751d3194802d458e\lib-ryu.json", "JSON", 0, 0, 0, 0, 1, 0, 0, 0, 0, 0, 0, 1
"d:\pro_dev\DEV\dse0.1.1\dse_rust\debug\target\debug\.fingerprint\ryu-bbdaf03733a1ebcb\lib-ryu.json", "JSON", 0, 0, 0, 0, 1, 0, 0, 0, 0, 0, 0, 1
"d:\pro_dev\DEV\dse0.1.1\dse_rust\debug\target\debug\.fingerprint\ryu-efdfc9eea1edc1e4\lib-ryu.json", "JSON", 0, 0, 0, 0, 1, 0, 0, 0, 0, 0, 0, 1
"d:\pro_dev\DEV\dse0.1.1\dse_rust\debug\target\debug\.fingerprint\same-file-4ea461fb87015896\lib-same_file.json", "JSON", 0, 0, 0, 0, 1, 0, 0, 0, 0, 0, 0, 1
"d:\pro_dev\DEV\dse0.1.1\dse_rust\debug\target\debug\.fingerprint\same-file-808c92e74411d51c\lib-same_file.json", "JSON", 0, 0, 0, 0, 1, 0, 0, 0, 0, 0, 0, 1
"d:\pro_dev\DEV\dse0.1.1\dse_rust\debug\target\debug\.fingerprint\same-file-b25b90c49299b399\lib-same_file.json", "JSON", 0, 0, 0, 0, 1, 0, 0, 0, 0, 0, 0, 1
"d:\pro_dev\DEV\dse0.1.1\dse_rust\debug\target\debug\.fingerprint\scopeguard-2e8788bf023e5fec\lib-scopeguard.json", "JSON", 0, 0, 0, 0, 1, 0, 0, 0, 0, 0, 0, 1
"d:\pro_dev\DEV\dse0.1.1\dse_rust\debug\target\debug\.fingerprint\scopeguard-abf189183d46d457\lib-scopeguard.json", "JSON", 0, 0, 0, 0, 1, 0, 0, 0, 0, 0, 0, 1
"d:\pro_dev\DEV\dse0.1.1\dse_rust\debug\target\debug\.fingerprint\scopeguard-b3036dac4c63d524\lib-scopeguard.json", "JSON", 0, 0, 0, 0, 1, 0, 0, 0, 0, 0, 0, 1
"d:\pro_dev\DEV\dse0.1.1\dse_rust\debug\target\debug\.fingerprint\serde-018b6207931b2911\lib-serde.json", "JSON", 0, 0, 0, 0, 1, 0, 0, 0, 0, 0, 0, 1
"d:\pro_dev\DEV\dse0.1.1\dse_rust\debug\target\debug\.fingerprint\serde-05681a074445109b\lib-serde.json", "JSON", 0, 0, 0, 0, 1, 0, 0, 0, 0, 0, 0, 1
"d:\pro_dev\DEV\dse0.1.1\dse_rust\debug\target\debug\.fingerprint\serde-0ad826aa8ba22d28\lib-serde.json", "JSON", 0, 0, 0, 0, 1, 0, 0, 0, 0, 0, 0, 1
"d:\pro_dev\DEV\dse0.1.1\dse_rust\debug\target\debug\.fingerprint\serde-169eeb436eb1ef9e\lib-serde.json", "JSON", 0, 0, 0, 0, 1, 0, 0, 0, 0, 0, 0, 1
"d:\pro_dev\DEV\dse0.1.1\dse_rust\debug\target\debug\.fingerprint\serde-1cc429770822c338\lib-serde.json", "JSON", 0, 0, 0, 0, 1, 0, 0, 0, 0, 0, 0, 1
"d:\pro_dev\DEV\dse0.1.1\dse_rust\debug\target\debug\.fingerprint\serde-705b09ace2a2c239\lib-serde.json", "JSON", 0, 0, 0, 0, 1, 0, 0, 0, 0, 0, 0, 1
"d:\pro_dev\DEV\dse0.1.1\dse_rust\debug\target\debug\.fingerprint\serde-7e933989eb143b4a\lib-serde.json", "JSON", 0, 0, 0, 0, 1, 0, 0, 0, 0, 0, 0, 1
"d:\pro_dev\DEV\dse0.1.1\dse_rust\debug\target\debug\.fingerprint\serde-8564ff2a4b94ca1e\run-build-script-build-script-build.json", "JSON", 0, 0, 0, 0, 1, 0, 0, 0, 0, 0, 0, 1
"d:\pro_dev\DEV\dse0.1.1\dse_rust\debug\target\debug\.fingerprint\serde-a21a14daf787f091\build-script-build-script-build.json", "JSON", 0, 0, 0, 0, 1, 0, 0, 0, 0, 0, 0, 1
"d:\pro_dev\DEV\dse0.1.1\dse_rust\debug\target\debug\.fingerprint\serde-ba76c6e2281d724b\lib-serde.json", "JSON", 0, 0, 0, 0, 1, 0, 0, 0, 0, 0, 0, 1
"d:\pro_dev\DEV\dse0.1.1\dse_rust\debug\target\debug\.fingerprint\serde-e450149bc3351e20\lib-serde.json", "JSON", 0, 0, 0, 0, 1, 0, 0, 0, 0, 0, 0, 1
"d:\pro_dev\DEV\dse0.1.1\dse_rust\debug\target\debug\.fingerprint\serde_derive-25e03cb5c3147003\lib-serde_derive.json", "JSON", 0, 0, 0, 0, 1, 0, 0, 0, 0, 0, 0, 1
"d:\pro_dev\DEV\dse0.1.1\dse_rust\debug\target\debug\.fingerprint\serde_derive-71164938224cfed2\lib-serde_derive.json", "JSON", 0, 0, 0, 0, 1, 0, 0, 0, 0, 0, 0, 1
"d:\pro_dev\DEV\dse0.1.1\dse_rust\debug\target\debug\.fingerprint\serde_derive-7488b31e01054f05\lib-serde_derive.json", "JSON", 0, 0, 0, 0, 1, 0, 0, 0, 0, 0, 0, 1
"d:\pro_dev\DEV\dse0.1.1\dse_rust\debug\target\debug\.fingerprint\serde_json-0f83bf8410db2c7c\lib-serde_json.json", "JSON", 0, 0, 0, 0, 1, 0, 0, 0, 0, 0, 0, 1
"d:\pro_dev\DEV\dse0.1.1\dse_rust\debug\target\debug\.fingerprint\serde_json-2b230ce9f51fd34f\run-build-script-build-script-build.json", "JSON", 0, 0, 0, 0, 1, 0, 0, 0, 0, 0, 0, 1
"d:\pro_dev\DEV\dse0.1.1\dse_rust\debug\target\debug\.fingerprint\serde_json-34a3c3d6eedda961\lib-serde_json.json", "JSON", 0, 0, 0, 0, 1, 0, 0, 0, 0, 0, 0, 1
"d:\pro_dev\DEV\dse0.1.1\dse_rust\debug\target\debug\.fingerprint\serde_json-395e6e3317be9fcd\lib-serde_json.json", "JSON", 0, 0, 0, 0, 1, 0, 0, 0, 0, 0, 0, 1
"d:\pro_dev\DEV\dse0.1.1\dse_rust\debug\target\debug\.fingerprint\serde_json-4feffeeb1ba2f212\lib-serde_json.json", "JSON", 0, 0, 0, 0, 1, 0, 0, 0, 0, 0, 0, 1
"d:\pro_dev\DEV\dse0.1.1\dse_rust\debug\target\debug\.fingerprint\serde_json-690f0b1183d882db\build-script-build-script-build.json", "JSON", 0, 0, 0, 0, 1, 0, 0, 0, 0, 0, 0, 1
"d:\pro_dev\DEV\dse0.1.1\dse_rust\debug\target\debug\.fingerprint\serde_json-7f36f3ea00798d5b\lib-serde_json.json", "JSON", 0, 0, 0, 0, 1, 0, 0, 0, 0, 0, 0, 1
"d:\pro_dev\DEV\dse0.1.1\dse_rust\debug\target\debug\.fingerprint\serde_json-8f1d15ece23dc739\lib-serde_json.json", "JSON", 0, 0, 0, 0, 1, 0, 0, 0, 0, 0, 0, 1
"d:\pro_dev\DEV\dse0.1.1\dse_rust\debug\target\debug\.fingerprint\serde_json-b6bd94e04885ac00\lib-serde_json.json", "JSON", 0, 0, 0, 0, 1, 0, 0, 0, 0, 0, 0, 1
"d:\pro_dev\DEV\dse0.1.1\dse_rust\debug\target\debug\.fingerprint\serde_json-e36e3803ee11ccef\lib-serde_json.json", "JSON", 0, 0, 0, 0, 1, 0, 0, 0, 0, 0, 0, 1
"d:\pro_dev\DEV\dse0.1.1\dse_rust\debug\target\debug\.fingerprint\serde_json-e3d7f8af8de42549\lib-serde_json.json", "JSON", 0, 0, 0, 0, 1, 0, 0, 0, 0, 0, 0, 1
"d:\pro_dev\DEV\dse0.1.1\dse_rust\debug\target\debug\.fingerprint\serde_spanned-383d859e50dc03ac\lib-serde_spanned.json", "JSON", 0, 0, 0, 0, 1, 0, 0, 0, 0, 0, 0, 1
"d:\pro_dev\DEV\dse0.1.1\dse_rust\debug\target\debug\.fingerprint\serde_spanned-3c8c866d1723e50b\lib-serde_spanned.json", "JSON", 0, 0, 0, 0, 1, 0, 0, 0, 0, 0, 0, 1
"d:\pro_dev\DEV\dse0.1.1\dse_rust\debug\target\debug\.fingerprint\serde_spanned-407675fddcf12b24\lib-serde_spanned.json", "JSON", 0, 0, 0, 0, 1, 0, 0, 0, 0, 0, 0, 1
"d:\pro_dev\DEV\dse0.1.1\dse_rust\debug\target\debug\.fingerprint\serde_spanned-6fd32ab229add705\lib-serde_spanned.json", "JSON", 0, 0, 0, 0, 1, 0, 0, 0, 0, 0, 0, 1
"d:\pro_dev\DEV\dse0.1.1\dse_rust\debug\target\debug\.fingerprint\serde_spanned-852499b8fe077295\lib-serde_spanned.json", "JSON", 0, 0, 0, 0, 1, 0, 0, 0, 0, 0, 0, 1
"d:\pro_dev\DEV\dse0.1.1\dse_rust\debug\target\debug\.fingerprint\serde_spanned-86d11ed7dbfa34e1\lib-serde_spanned.json", "JSON", 0, 0, 0, 0, 1, 0, 0, 0, 0, 0, 0, 1
"d:\pro_dev\DEV\dse0.1.1\dse_rust\debug\target\debug\.fingerprint\serde_spanned-c2bb995d57607943\lib-serde_spanned.json", "JSON", 0, 0, 0, 0, 1, 0, 0, 0, 0, 0, 0, 1
"d:\pro_dev\DEV\dse0.1.1\dse_rust\debug\target\debug\.fingerprint\serde_spanned-eb0db84afadc0dfc\lib-serde_spanned.json", "JSON", 0, 0, 0, 0, 1, 0, 0, 0, 0, 0, 0, 1
"d:\pro_dev\DEV\dse0.1.1\dse_rust\debug\target\debug\.fingerprint\serde_spanned-fe866bd45da94cf3\lib-serde_spanned.json", "JSON", 0, 0, 0, 0, 1, 0, 0, 0, 0, 0, 0, 1
"d:\pro_dev\DEV\dse0.1.1\dse_rust\debug\target\debug\.fingerprint\shaderc-4ee5067ed0851126\lib-shaderc.json", "JSON", 0, 0, 0, 0, 1, 0, 0, 0, 0, 0, 0, 1
"d:\pro_dev\DEV\dse0.1.1\dse_rust\debug\target\debug\.fingerprint\shaderc-5481d8fe31296660\lib-shaderc.json", "JSON", 0, 0, 0, 0, 1, 0, 0, 0, 0, 0, 0, 1
"d:\pro_dev\DEV\dse0.1.1\dse_rust\debug\target\debug\.fingerprint\shaderc-5dc5eb75982d373c\lib-shaderc.json", "JSON", 0, 0, 0, 0, 1, 0, 0, 0, 0, 0, 0, 1
"d:\pro_dev\DEV\dse0.1.1\dse_rust\debug\target\debug\.fingerprint\shaderc-62be0812f0776b1d\lib-shaderc.json", "JSON", 0, 0, 0, 0, 1, 0, 0, 0, 0, 0, 0, 1
"d:\pro_dev\DEV\dse0.1.1\dse_rust\debug\target\debug\.fingerprint\shaderc-d637e0be5e2f4b7e\lib-shaderc.json", "JSON", 0, 0, 0, 0, 1, 0, 0, 0, 0, 0, 0, 1
"d:\pro_dev\DEV\dse0.1.1\dse_rust\debug\target\debug\.fingerprint\shaderc-e4a5b483f235458f\lib-shaderc.json", "JSON", 0, 0, 0, 0, 1, 0, 0, 0, 0, 0, 0, 1
"d:\pro_dev\DEV\dse0.1.1\dse_rust\debug\target\debug\.fingerprint\shaderc-sys-12876a4833138076\build-script-build-script-build.json", "JSON", 0, 0, 0, 0, 1, 0, 0, 0, 0, 0, 0, 1
"d:\pro_dev\DEV\dse0.1.1\dse_rust\debug\target\debug\.fingerprint\shaderc-sys-1993c34d81b4cc87\lib-shaderc_sys.json", "JSON", 0, 0, 0, 0, 1, 0, 0, 0, 0, 0, 0, 1
"d:\pro_dev\DEV\dse0.1.1\dse_rust\debug\target\debug\.fingerprint\shaderc-sys-352e6cf9cc321627\lib-shaderc_sys.json", "JSON", 0, 0, 0, 0, 1, 0, 0, 0, 0, 0, 0, 1
"d:\pro_dev\DEV\dse0.1.1\dse_rust\debug\target\debug\.fingerprint\shaderc-sys-3c3e50851fd857a7\lib-shaderc_sys.json", "JSON", 0, 0, 0, 0, 1, 0, 0, 0, 0, 0, 0, 1
"d:\pro_dev\DEV\dse0.1.1\dse_rust\debug\target\debug\.fingerprint\shaderc-sys-6d240c79f93d5eca\run-build-script-build-script-build.json", "JSON", 0, 0, 0, 0, 1, 0, 0, 0, 0, 0, 0, 1
"d:\pro_dev\DEV\dse0.1.1\dse_rust\debug\target\debug\.fingerprint\shaderc-sys-b38857f31a5ea8ee\lib-shaderc_sys.json", "JSON", 0, 0, 0, 0, 1, 0, 0, 0, 0, 0, 0, 1
"d:\pro_dev\DEV\dse0.1.1\dse_rust\debug\target\debug\.fingerprint\shaderc-sys-b3e7e23bc9811421\lib-shaderc_sys.json", "JSON", 0, 0, 0, 0, 1, 0, 0, 0, 0, 0, 0, 1
"d:\pro_dev\DEV\dse0.1.1\dse_rust\debug\target\debug\.fingerprint\shaderc-sys-cd4208e5c605713a\lib-shaderc_sys.json", "JSON", 0, 0, 0, 0, 1, 0, 0, 0, 0, 0, 0, 1
"d:\pro_dev\DEV\dse0.1.1\dse_rust\debug\target\debug\.fingerprint\shlex-25724775bd6ea405\lib-shlex.json", "JSON", 0, 0, 0, 0, 1, 0, 0, 0, 0, 0, 0, 1
"d:\pro_dev\DEV\dse0.1.1\dse_rust\debug\target\debug\.fingerprint\simd-adler32-4311a5d2a2ce109e\lib-simd_adler32.json", "JSON", 0, 0, 0, 0, 1, 0, 0, 0, 0, 0, 0, 1
"d:\pro_dev\DEV\dse0.1.1\dse_rust\debug\target\debug\.fingerprint\simd-adler32-6e89290ee8d07f63\lib-simd_adler32.json", "JSON", 0, 0, 0, 0, 1, 0, 0, 0, 0, 0, 0, 1
"d:\pro_dev\DEV\dse0.1.1\dse_rust\debug\target\debug\.fingerprint\simd-adler32-a9b7124fecbe25fa\lib-simd_adler32.json", "JSON", 0, 0, 0, 0, 1, 0, 0, 0, 0, 0, 0, 1
"d:\pro_dev\DEV\dse0.1.1\dse_rust\debug\target\debug\.fingerprint\smallvec-52e791cfee6eb454\lib-smallvec.json", "JSON", 0, 0, 0, 0, 1, 0, 0, 0, 0, 0, 0, 1
"d:\pro_dev\DEV\dse0.1.1\dse_rust\debug\target\debug\.fingerprint\smallvec-6a440c251b58272a\lib-smallvec.json", "JSON", 0, 0, 0, 0, 1, 0, 0, 0, 0, 0, 0, 1
"d:\pro_dev\DEV\dse0.1.1\dse_rust\debug\target\debug\.fingerprint\smallvec-c183f9d47da38243\lib-smallvec.json", "JSON", 0, 0, 0, 0, 1, 0, 0, 0, 0, 0, 0, 1
"d:\pro_dev\DEV\dse0.1.1\dse_rust\debug\target\debug\.fingerprint\spin-4a3ed49592a14fe7\lib-spin.json", "JSON", 0, 0, 0, 0, 1, 0, 0, 0, 0, 0, 0, 1
"d:\pro_dev\DEV\dse0.1.1\dse_rust\debug\target\debug\.fingerprint\spin-5200f7a6fc83f4bc\lib-spin.json", "JSON", 0, 0, 0, 0, 1, 0, 0, 0, 0, 0, 0, 1
"d:\pro_dev\DEV\dse0.1.1\dse_rust\debug\target\debug\.fingerprint\spin-59ca346c75dfc34c\lib-spin.json", "JSON", 0, 0, 0, 0, 1, 0, 0, 0, 0, 0, 0, 1
"d:\pro_dev\DEV\dse0.1.1\dse_rust\debug\target\debug\.fingerprint\syn-000a37c0d3f2b0c9\lib-syn.json", "JSON", 0, 0, 0, 0, 1, 0, 0, 0, 0, 0, 0, 1
"d:\pro_dev\DEV\dse0.1.1\dse_rust\debug\target\debug\.fingerprint\syn-2aa4923dad8aad41\lib-syn.json", "JSON", 0, 0, 0, 0, 1, 0, 0, 0, 0, 0, 0, 1
"d:\pro_dev\DEV\dse0.1.1\dse_rust\debug\target\debug\.fingerprint\syn-2c99b75a9eb8894a\lib-syn.json", "JSON", 0, 0, 0, 0, 1, 0, 0, 0, 0, 0, 0, 1
"d:\pro_dev\DEV\dse0.1.1\dse_rust\debug\target\debug\.fingerprint\syn-521e131884f9a72a\lib-syn.json", "JSON", 0, 0, 0, 0, 1, 0, 0, 0, 0, 0, 0, 1
"d:\pro_dev\DEV\dse0.1.1\dse_rust\debug\target\debug\.fingerprint\syn-6349b0e1f1173a9a\run-build-script-build-script-build.json", "JSON", 0, 0, 0, 0, 1, 0, 0, 0, 0, 0, 0, 1
"d:\pro_dev\DEV\dse0.1.1\dse_rust\debug\target\debug\.fingerprint\syn-76a02bd84547b8fa\lib-syn.json", "JSON", 0, 0, 0, 0, 1, 0, 0, 0, 0, 0, 0, 1
"d:\pro_dev\DEV\dse0.1.1\dse_rust\debug\target\debug\.fingerprint\syn-9d1b5ed428e2e128\build-script-build-script-build.json", "JSON", 0, 0, 0, 0, 1, 0, 0, 0, 0, 0, 0, 1
"d:\pro_dev\DEV\dse0.1.1\dse_rust\debug\target\debug\.fingerprint\syn-abf832892f705a77\lib-syn.json", "JSON", 0, 0, 0, 0, 1, 0, 0, 0, 0, 0, 0, 1
"d:\pro_dev\DEV\dse0.1.1\dse_rust\debug\target\debug\.fingerprint\syn-f81d54090ab3ed48\lib-syn.json", "JSON", 0, 0, 0, 0, 1, 0, 0, 0, 0, 0, 0, 1
"d:\pro_dev\DEV\dse0.1.1\dse_rust\debug\target\debug\.fingerprint\synstructure-73e56e88a08bdd14\lib-synstructure.json", "JSON", 0, 0, 0, 0, 1, 0, 0, 0, 0, 0, 0, 1
"d:\pro_dev\DEV\dse0.1.1\dse_rust\debug\target\debug\.fingerprint\thiserror-95fbe3009cb3c929\build-script-build-script-build.json", "JSON", 0, 0, 0, 0, 1, 0, 0, 0, 0, 0, 0, 1
"d:\pro_dev\DEV\dse0.1.1\dse_rust\debug\target\debug\.fingerprint\thiserror-9aac95d295bbd9d7\run-build-script-build-script-build.json", "JSON", 0, 0, 0, 0, 1, 0, 0, 0, 0, 0, 0, 1
"d:\pro_dev\DEV\dse0.1.1\dse_rust\debug\target\debug\.fingerprint\thiserror-b35dedded13aa16b\lib-thiserror.json", "JSON", 0, 0, 0, 0, 1, 0, 0, 0, 0, 0, 0, 1
"d:\pro_dev\DEV\dse0.1.1\dse_rust\debug\target\debug\.fingerprint\thiserror-impl-ca1c349862e7334d\lib-thiserror_impl.json", "JSON", 0, 0, 0, 0, 1, 0, 0, 0, 0, 0, 0, 1
"d:\pro_dev\DEV\dse0.1.1\dse_rust\debug\target\debug\.fingerprint\toml-07d1caab932d6e83\lib-toml.json", "JSON", 0, 0, 0, 0, 1, 0, 0, 0, 0, 0, 0, 1
"d:\pro_dev\DEV\dse0.1.1\dse_rust\debug\target\debug\.fingerprint\toml-32705b7f54ba1832\lib-toml.json", "JSON", 0, 0, 0, 0, 1, 0, 0, 0, 0, 0, 0, 1
"d:\pro_dev\DEV\dse0.1.1\dse_rust\debug\target\debug\.fingerprint\toml-4cfdf9025ccbc45c\lib-toml.json", "JSON", 0, 0, 0, 0, 1, 0, 0, 0, 0, 0, 0, 1
"d:\pro_dev\DEV\dse0.1.1\dse_rust\debug\target\debug\.fingerprint\toml-6a84e30de55c23a1\lib-toml.json", "JSON", 0, 0, 0, 0, 1, 0, 0, 0, 0, 0, 0, 1
"d:\pro_dev\DEV\dse0.1.1\dse_rust\debug\target\debug\.fingerprint\toml-a04444a43367e049\lib-toml.json", "JSON", 0, 0, 0, 0, 1, 0, 0, 0, 0, 0, 0, 1
"d:\pro_dev\DEV\dse0.1.1\dse_rust\debug\target\debug\.fingerprint\toml-aef5c8f11d4b902a\lib-toml.json", "JSON", 0, 0, 0, 0, 1, 0, 0, 0, 0, 0, 0, 1
"d:\pro_dev\DEV\dse0.1.1\dse_rust\debug\target\debug\.fingerprint\toml-be8cf465901448d0\lib-toml.json", "JSON", 0, 0, 0, 0, 1, 0, 0, 0, 0, 0, 0, 1
"d:\pro_dev\DEV\dse0.1.1\dse_rust\debug\target\debug\.fingerprint\toml-cb2e5e58345fa455\lib-toml.json", "JSON", 0, 0, 0, 0, 1, 0, 0, 0, 0, 0, 0, 1
"d:\pro_dev\DEV\dse0.1.1\dse_rust\debug\target\debug\.fingerprint\toml-cc308a241a13eae5\lib-toml.json", "JSON", 0, 0, 0, 0, 1, 0, 0, 0, 0, 0, 0, 1
"d:\pro_dev\DEV\dse0.1.1\dse_rust\debug\target\debug\.fingerprint\toml-db4fd647946ff683\lib-toml.json", "JSON", 0, 0, 0, 0, 1, 0, 0, 0, 0, 0, 0, 1
"d:\pro_dev\DEV\dse0.1.1\dse_rust\debug\target\debug\.fingerprint\toml-f5f9edb7cdc153b3\lib-toml.json", "JSON", 0, 0, 0, 0, 1, 0, 0, 0, 0, 0, 0, 1
"d:\pro_dev\DEV\dse0.1.1\dse_rust\debug\target\debug\.fingerprint\toml_datetime-567ae4bfb65b3653\lib-toml_datetime.json", "JSON", 0, 0, 0, 0, 1, 0, 0, 0, 0, 0, 0, 1
"d:\pro_dev\DEV\dse0.1.1\dse_rust\debug\target\debug\.fingerprint\toml_datetime-5c059fc9cd04fb8c\lib-toml_datetime.json", "JSON", 0, 0, 0, 0, 1, 0, 0, 0, 0, 0, 0, 1
"d:\pro_dev\DEV\dse0.1.1\dse_rust\debug\target\debug\.fingerprint\toml_datetime-7946ab03c55a2e56\lib-toml_datetime.json", "JSON", 0, 0, 0, 0, 1, 0, 0, 0, 0, 0, 0, 1
"d:\pro_dev\DEV\dse0.1.1\dse_rust\debug\target\debug\.fingerprint\toml_datetime-a0284b33b33730ba\lib-toml_datetime.json", "JSON", 0, 0, 0, 0, 1, 0, 0, 0, 0, 0, 0, 1
"d:\pro_dev\DEV\dse0.1.1\dse_rust\debug\target\debug\.fingerprint\toml_datetime-a9b386ed0f178fd5\lib-toml_datetime.json", "JSON", 0, 0, 0, 0, 1, 0, 0, 0, 0, 0, 0, 1
"d:\pro_dev\DEV\dse0.1.1\dse_rust\debug\target\debug\.fingerprint\toml_datetime-ba50b47dea4f1adf\lib-toml_datetime.json", "JSON", 0, 0, 0, 0, 1, 0, 0, 0, 0, 0, 0, 1
"d:\pro_dev\DEV\dse0.1.1\dse_rust\debug\target\debug\.fingerprint\toml_datetime-d7024564c5a28e22\lib-toml_datetime.json", "JSON", 0, 0, 0, 0, 1, 0, 0, 0, 0, 0, 0, 1
"d:\pro_dev\DEV\dse0.1.1\dse_rust\debug\target\debug\.fingerprint\toml_datetime-e4b41278fec254dd\lib-toml_datetime.json", "JSON", 0, 0, 0, 0, 1, 0, 0, 0, 0, 0, 0, 1
"d:\pro_dev\DEV\dse0.1.1\dse_rust\debug\target\debug\.fingerprint\toml_datetime-f86294727ff78131\lib-toml_datetime.json", "JSON", 0, 0, 0, 0, 1, 0, 0, 0, 0, 0, 0, 1
"d:\pro_dev\DEV\dse0.1.1\dse_rust\debug\target\debug\.fingerprint\toml_edit-01057fd96d9f8295\lib-toml_edit.json", "JSON", 0, 0, 0, 0, 1, 0, 0, 0, 0, 0, 0, 1
"d:\pro_dev\DEV\dse0.1.1\dse_rust\debug\target\debug\.fingerprint\toml_edit-2a3c41296487f2cb\lib-toml_edit.json", "JSON", 0, 0, 0, 0, 1, 0, 0, 0, 0, 0, 0, 1
"d:\pro_dev\DEV\dse0.1.1\dse_rust\debug\target\debug\.fingerprint\toml_edit-6227a4be29f2dbc7\lib-toml_edit.json", "JSON", 0, 0, 0, 0, 1, 0, 0, 0, 0, 0, 0, 1
"d:\pro_dev\DEV\dse0.1.1\dse_rust\debug\target\debug\.fingerprint\toml_edit-820af498b31eb371\lib-toml_edit.json", "JSON", 0, 0, 0, 0, 1, 0, 0, 0, 0, 0, 0, 1
"d:\pro_dev\DEV\dse0.1.1\dse_rust\debug\target\debug\.fingerprint\toml_edit-820cca764f0a789a\lib-toml_edit.json", "JSON", 0, 0, 0, 0, 1, 0, 0, 0, 0, 0, 0, 1
"d:\pro_dev\DEV\dse0.1.1\dse_rust\debug\target\debug\.fingerprint\toml_edit-98f6421c9eb4146a\lib-toml_edit.json", "JSON", 0, 0, 0, 0, 1, 0, 0, 0, 0, 0, 0, 1
"d:\pro_dev\DEV\dse0.1.1\dse_rust\debug\target\debug\.fingerprint\toml_edit-9e9227efdb46388d\lib-toml_edit.json", "JSON", 0, 0, 0, 0, 1, 0, 0, 0, 0, 0, 0, 1
"d:\pro_dev\DEV\dse0.1.1\dse_rust\debug\target\debug\.fingerprint\toml_edit-bb99e56813b92162\lib-toml_edit.json", "JSON", 0, 0, 0, 0, 1, 0, 0, 0, 0, 0, 0, 1
"d:\pro_dev\DEV\dse0.1.1\dse_rust\debug\target\debug\.fingerprint\toml_edit-d7ac12214cd8ab1c\lib-toml_edit.json", "JSON", 0, 0, 0, 0, 1, 0, 0, 0, 0, 0, 0, 1
"d:\pro_dev\DEV\dse0.1.1\dse_rust\debug\target\debug\.fingerprint\toml_edit-dc6ea843f425cf58\lib-toml_edit.json", "JSON", 0, 0, 0, 0, 1, 0, 0, 0, 0, 0, 0, 1
"d:\pro_dev\DEV\dse0.1.1\dse_rust\debug\target\debug\.fingerprint\toml_edit-f7061ab4b289c5e9\lib-toml_edit.json", "JSON", 0, 0, 0, 0, 1, 0, 0, 0, 0, 0, 0, 1
"d:\pro_dev\DEV\dse0.1.1\dse_rust\debug\target\debug\.fingerprint\uid-0b30f8009c257826\lib-uid.json", "JSON", 0, 0, 0, 0, 1, 0, 0, 0, 0, 0, 0, 1
"d:\pro_dev\DEV\dse0.1.1\dse_rust\debug\target\debug\.fingerprint\uid-351e426669ba216c\lib-uid.json", "JSON", 0, 0, 0, 0, 1, 0, 0, 0, 0, 0, 0, 1
"d:\pro_dev\DEV\dse0.1.1\dse_rust\debug\target\debug\.fingerprint\uid-b3456eac0370db34\lib-uid.json", "JSON", 0, 0, 0, 0, 1, 0, 0, 0, 0, 0, 0, 1
"d:\pro_dev\DEV\dse0.1.1\dse_rust\debug\target\debug\.fingerprint\unicode-ident-a9f8538d6931f265\lib-unicode_ident.json", "JSON", 0, 0, 0, 0, 1, 0, 0, 0, 0, 0, 0, 1
"d:\pro_dev\DEV\dse0.1.1\dse_rust\debug\target\debug\.fingerprint\unicode-ident-bf7f156b09e9f547\lib-unicode_ident.json", "JSON", 0, 0, 0, 0, 1, 0, 0, 0, 0, 0, 0, 1
"d:\pro_dev\DEV\dse0.1.1\dse_rust\debug\target\debug\.fingerprint\unicode-xid-ca793a93e42ecab0\lib-unicode_xid.json", "JSON", 0, 0, 0, 0, 1, 0, 0, 0, 0, 0, 0, 1
"d:\pro_dev\DEV\dse0.1.1\dse_rust\debug\target\debug\.fingerprint\urlencoding-794cba705c0a886e\lib-urlencoding.json", "JSON", 0, 0, 0, 0, 1, 0, 0, 0, 0, 0, 0, 1
"d:\pro_dev\DEV\dse0.1.1\dse_rust\debug\target\debug\.fingerprint\urlencoding-8b022ffbd3f9ebd4\lib-urlencoding.json", "JSON", 0, 0, 0, 0, 1, 0, 0, 0, 0, 0, 0, 1
"d:\pro_dev\DEV\dse0.1.1\dse_rust\debug\target\debug\.fingerprint\urlencoding-fffbfb1d3752c4cd\lib-urlencoding.json", "JSON", 0, 0, 0, 0, 1, 0, 0, 0, 0, 0, 0, 1
"d:\pro_dev\DEV\dse0.1.1\dse_rust\debug\target\debug\.fingerprint\version_check-8a7cb6ed787a6dad\lib-version_check.json", "JSON", 0, 0, 0, 0, 1, 0, 0, 0, 0, 0, 0, 1
"d:\pro_dev\DEV\dse0.1.1\dse_rust\debug\target\debug\.fingerprint\walkdir-186608ab595daafc\lib-walkdir.json", "JSON", 0, 0, 0, 0, 1, 0, 0, 0, 0, 0, 0, 1
"d:\pro_dev\DEV\dse0.1.1\dse_rust\debug\target\debug\.fingerprint\walkdir-f048f6106656e8c3\lib-walkdir.json", "JSON", 0, 0, 0, 0, 1, 0, 0, 0, 0, 0, 0, 1
"d:\pro_dev\DEV\dse0.1.1\dse_rust\debug\target\debug\.fingerprint\walkdir-f183dfaaf48c0358\lib-walkdir.json", "JSON", 0, 0, 0, 0, 1, 0, 0, 0, 0, 0, 0, 1
"d:\pro_dev\DEV\dse0.1.1\dse_rust\debug\target\debug\.fingerprint\which-de10ecd123d52d83\lib-which.json", "JSON", 0, 0, 0, 0, 1, 0, 0, 0, 0, 0, 0, 1
"d:\pro_dev\DEV\dse0.1.1\dse_rust\debug\target\debug\.fingerprint\widestring-0533f9d7bad0657a\lib-widestring.json", "JSON", 0, 0, 0, 0, 1, 0, 0, 0, 0, 0, 0, 1
"d:\pro_dev\DEV\dse0.1.1\dse_rust\debug\target\debug\.fingerprint\widestring-2f38ef57f21f470c\lib-widestring.json", "JSON", 0, 0, 0, 0, 1, 0, 0, 0, 0, 0, 0, 1
"d:\pro_dev\DEV\dse0.1.1\dse_rust\debug\target\debug\.fingerprint\widestring-b0e61feff0337965\lib-widestring.json", "JSON", 0, 0, 0, 0, 1, 0, 0, 0, 0, 0, 0, 1
"d:\pro_dev\DEV\dse0.1.1\dse_rust\debug\target\debug\.fingerprint\win-kernel-sys-3a67a3aa37537eb5\build-script-build-script-build.json", "JSON", 0, 0, 0, 0, 1, 0, 0, 0, 0, 0, 0, 1
"d:\pro_dev\DEV\dse0.1.1\dse_rust\debug\target\debug\.fingerprint\win-kernel-sys-40583096023bbd19\build-script-build-script-build.json", "JSON", 0, 0, 0, 0, 1, 0, 0, 0, 0, 0, 0, 1
"d:\pro_dev\DEV\dse0.1.1\dse_rust\debug\target\debug\.fingerprint\winapi-05d6a46ba8dc247d\run-build-script-build-script-build.json", "JSON", 0, 0, 0, 0, 1, 0, 0, 0, 0, 0, 0, 1
"d:\pro_dev\DEV\dse0.1.1\dse_rust\debug\target\debug\.fingerprint\winapi-20e43e8645e1b611\lib-winapi.json", "JSON", 0, 0, 0, 0, 1, 0, 0, 0, 0, 0, 0, 1
"d:\pro_dev\DEV\dse0.1.1\dse_rust\debug\target\debug\.fingerprint\winapi-46a0a47bc77cd41b\lib-winapi.json", "JSON", 0, 0, 0, 0, 1, 0, 0, 0, 0, 0, 0, 1
"d:\pro_dev\DEV\dse0.1.1\dse_rust\debug\target\debug\.fingerprint\winapi-6c98314b8e05b716\lib-winapi.json", "JSON", 0, 0, 0, 0, 1, 0, 0, 0, 0, 0, 0, 1
"d:\pro_dev\DEV\dse0.1.1\dse_rust\debug\target\debug\.fingerprint\winapi-952dc2b77cddbd46\build-script-build-script-build.json", "JSON", 0, 0, 0, 0, 1, 0, 0, 0, 0, 0, 0, 1
"d:\pro_dev\DEV\dse0.1.1\dse_rust\debug\target\debug\.fingerprint\winapi-b85acda13bcb8fb7\lib-winapi.json", "JSON", 0, 0, 0, 0, 1, 0, 0, 0, 0, 0, 0, 1
"d:\pro_dev\DEV\dse0.1.1\dse_rust\debug\target\debug\.fingerprint\winapi-ba799bf24e618ea1\lib-winapi.json", "JSON", 0, 0, 0, 0, 1, 0, 0, 0, 0, 0, 0, 1
"d:\pro_dev\DEV\dse0.1.1\dse_rust\debug\target\debug\.fingerprint\winapi-build-1dcf362043ad40ec\lib-build.json", "JSON", 0, 0, 0, 0, 1, 0, 0, 0, 0, 0, 0, 1
"d:\pro_dev\DEV\dse0.1.1\dse_rust\debug\target\debug\.fingerprint\winapi-d98b688bba0f1c56\lib-winapi.json", "JSON", 0, 0, 0, 0, 1, 0, 0, 0, 0, 0, 0, 1
"d:\pro_dev\DEV\dse0.1.1\dse_rust\debug\target\debug\.fingerprint\winapi-util-3b5ea2a0888cd187\lib-winapi_util.json", "JSON", 0, 0, 0, 0, 1, 0, 0, 0, 0, 0, 0, 1
"d:\pro_dev\DEV\dse0.1.1\dse_rust\debug\target\debug\.fingerprint\winapi-util-6abefe4977d9350f\lib-winapi_util.json", "JSON", 0, 0, 0, 0, 1, 0, 0, 0, 0, 0, 0, 1
"d:\pro_dev\DEV\dse0.1.1\dse_rust\debug\target\debug\.fingerprint\winapi-util-b805565f15c7b26c\lib-winapi_util.json", "JSON", 0, 0, 0, 0, 1, 0, 0, 0, 0, 0, 0, 1
"d:\pro_dev\DEV\dse0.1.1\dse_rust\debug\target\debug\.fingerprint\windows-kernel-build-6052da6babdd576c\lib-windows_kernel_build.json", "JSON", 0, 0, 0, 0, 1, 0, 0, 0, 0, 0, 0, 1
"d:\pro_dev\DEV\dse0.1.1\dse_rust\debug\target\debug\.fingerprint\windows-kernel-build-685e326e1e03d3bc\lib-windows_kernel_build.json", "JSON", 0, 0, 0, 0, 1, 0, 0, 0, 0, 0, 0, 1
"d:\pro_dev\DEV\dse0.1.1\dse_rust\debug\target\debug\.fingerprint\windows-link-ed6eadf050f72243\lib-windows_link.json", "JSON", 0, 0, 0, 0, 1, 0, 0, 0, 0, 0, 0, 1
"d:\pro_dev\DEV\dse0.1.1\dse_rust\debug\target\debug\.fingerprint\windows-sys-7eaec321c5756e2c\lib-windows_sys.json", "JSON", 0, 0, 0, 0, 1, 0, 0, 0, 0, 0, 0, 1
"d:\pro_dev\DEV\dse0.1.1\dse_rust\debug\target\debug\.fingerprint\windows-sys-8a0aae7b0be61329\lib-windows_sys.json", "JSON", 0, 0, 0, 0, 1, 0, 0, 0, 0, 0, 0, 1
"d:\pro_dev\DEV\dse0.1.1\dse_rust\debug\target\debug\.fingerprint\windows-sys-8cf1ce6c6de9de7c\lib-windows_sys.json", "JSON", 0, 0, 0, 0, 1, 0, 0, 0, 0, 0, 0, 1
"d:\pro_dev\DEV\dse0.1.1\dse_rust\debug\target\debug\.fingerprint\windows-sys-af4e6767d25ada9c\lib-windows_sys.json", "JSON", 0, 0, 0, 0, 1, 0, 0, 0, 0, 0, 0, 1
"d:\pro_dev\DEV\dse0.1.1\dse_rust\debug\target\debug\.fingerprint\windows-sys-ca853b3a1d141f9f\lib-windows_sys.json", "JSON", 0, 0, 0, 0, 1, 0, 0, 0, 0, 0, 0, 1
"d:\pro_dev\DEV\dse0.1.1\dse_rust\debug\target\debug\.fingerprint\windows-sys-dbe9278e06b00df0\lib-windows_sys.json", "JSON", 0, 0, 0, 0, 1, 0, 0, 0, 0, 0, 0, 1
"d:\pro_dev\DEV\dse0.1.1\dse_rust\debug\target\debug\.fingerprint\windows-sys-e6dd2d9bc99a2088\lib-windows_sys.json", "JSON", 0, 0, 0, 0, 1, 0, 0, 0, 0, 0, 0, 1
"d:\pro_dev\DEV\dse0.1.1\dse_rust\debug\target\debug\.fingerprint\windows-targets-190fe36ef27a1046\lib-windows_targets.json", "JSON", 0, 0, 0, 0, 1, 0, 0, 0, 0, 0, 0, 1
"d:\pro_dev\DEV\dse0.1.1\dse_rust\debug\target\debug\.fingerprint\windows-targets-4e2103e5fbe5e9ed\lib-windows_targets.json", "JSON", 0, 0, 0, 0, 1, 0, 0, 0, 0, 0, 0, 1
"d:\pro_dev\DEV\dse0.1.1\dse_rust\debug\target\debug\.fingerprint\windows-targets-93a73e47ae420d8f\lib-windows_targets.json", "JSON", 0, 0, 0, 0, 1, 0, 0, 0, 0, 0, 0, 1
"d:\pro_dev\DEV\dse0.1.1\dse_rust\debug\target\debug\.fingerprint\windows-targets-aa1c5f5b3d4d2b54\lib-windows_targets.json", "JSON", 0, 0, 0, 0, 1, 0, 0, 0, 0, 0, 0, 1
"d:\pro_dev\DEV\dse0.1.1\dse_rust\debug\target\debug\.fingerprint\windows_x86_64_msvc-0ea20938a44bbe52\lib-windows_x86_64_msvc.json", "JSON", 0, 0, 0, 0, 1, 0, 0, 0, 0, 0, 0, 1
"d:\pro_dev\DEV\dse0.1.1\dse_rust\debug\target\debug\.fingerprint\windows_x86_64_msvc-2a6e6ac4da2d31f3\lib-windows_x86_64_msvc.json", "JSON", 0, 0, 0, 0, 1, 0, 0, 0, 0, 0, 0, 1
"d:\pro_dev\DEV\dse0.1.1\dse_rust\debug\target\debug\.fingerprint\windows_x86_64_msvc-4c761b37cbec4d3c\lib-windows_x86_64_msvc.json", "JSON", 0, 0, 0, 0, 1, 0, 0, 0, 0, 0, 0, 1
"d:\pro_dev\DEV\dse0.1.1\dse_rust\debug\target\debug\.fingerprint\windows_x86_64_msvc-6b8f76506c86e015\run-build-script-build-script-build.json", "JSON", 0, 0, 0, 0, 1, 0, 0, 0, 0, 0, 0, 1
"d:\pro_dev\DEV\dse0.1.1\dse_rust\debug\target\debug\.fingerprint\windows_x86_64_msvc-733c1e19d91d737a\build-script-build-script-build.json", "JSON", 0, 0, 0, 0, 1, 0, 0, 0, 0, 0, 0, 1
"d:\pro_dev\DEV\dse0.1.1\dse_rust\debug\target\debug\.fingerprint\windows_x86_64_msvc-b831a4a5da3a157d\run-build-script-build-script-build.json", "JSON", 0, 0, 0, 0, 1, 0, 0, 0, 0, 0, 0, 1
"d:\pro_dev\DEV\dse0.1.1\dse_rust\debug\target\debug\.fingerprint\windows_x86_64_msvc-c891fe87d5045004\build-script-build-script-build.json", "JSON", 0, 0, 0, 0, 1, 0, 0, 0, 0, 0, 0, 1
"d:\pro_dev\DEV\dse0.1.1\dse_rust\debug\target\debug\.fingerprint\windows_x86_64_msvc-cfcb2f68a8654fe7\lib-windows_x86_64_msvc.json", "JSON", 0, 0, 0, 0, 1, 0, 0, 0, 0, 0, 0, 1
"d:\pro_dev\DEV\dse0.1.1\dse_rust\debug\target\debug\.fingerprint\winnow-7793dbba06fdd9e5\lib-winnow.json", "JSON", 0, 0, 0, 0, 1, 0, 0, 0, 0, 0, 0, 1
"d:\pro_dev\DEV\dse0.1.1\dse_rust\debug\target\debug\.fingerprint\winnow-b9ee215baf5abfb5\lib-winnow.json", "JSON", 0, 0, 0, 0, 1, 0, 0, 0, 0, 0, 0, 1
"d:\pro_dev\DEV\dse0.1.1\dse_rust\debug\target\debug\.fingerprint\winnow-f870cf2648cc4e06\lib-winnow.json", "JSON", 0, 0, 0, 0, 1, 0, 0, 0, 0, 0, 0, 1
"d:\pro_dev\DEV\dse0.1.1\dse_rust\debug\target\debug\.fingerprint\winreg-3571f307f710565e\lib-winreg.json", "JSON", 0, 0, 0, 0, 1, 0, 0, 0, 0, 0, 0, 1
"d:\pro_dev\DEV\dse0.1.1\dse_rust\debug\target\debug\.fingerprint\winreg-56095f1e5d884a57\lib-winreg.json", "JSON", 0, 0, 0, 0, 1, 0, 0, 0, 0, 0, 0, 1
"d:\pro_dev\DEV\dse0.1.1\dse_rust\debug\target\debug\.fingerprint\winsafe-19ef423fa7d02164\lib-winsafe.json", "JSON", 0, 0, 0, 0, 1, 0, 0, 0, 0, 0, 0, 1
"d:\pro_dev\DEV\dse0.1.1\dse_rust\debug\target\debug\.fingerprint\winsafe-58bfb434b2c471d7\lib-winsafe.json", "JSON", 0, 0, 0, 0, 1, 0, 0, 0, 0, 0, 0, 1
"d:\pro_dev\DEV\dse0.1.1\dse_rust\debug\target\debug\.fingerprint\winsafe-833e2ad9e1a06a39\lib-winsafe.json", "JSON", 0, 0, 0, 0, 1, 0, 0, 0, 0, 0, 0, 1
"d:\pro_dev\DEV\dse0.1.1\dse_rust\debug\target\debug\.fingerprint\xmlparser-572413c2e3ea75c4\lib-xmlparser.json", "JSON", 0, 0, 0, 0, 1, 0, 0, 0, 0, 0, 0, 1
"d:\pro_dev\DEV\dse0.1.1\dse_rust\debug\target\debug\.fingerprint\zerocopy-25fdacd4b9faf2f6\run-build-script-build-script-build.json", "JSON", 0, 0, 0, 0, 1, 0, 0, 0, 0, 0, 0, 1
"d:\pro_dev\DEV\dse0.1.1\dse_rust\debug\target\debug\.fingerprint\zerocopy-43c1706d55c2c6d0\build-script-build-script-build.json", "JSON", 0, 0, 0, 0, 1, 0, 0, 0, 0, 0, 0, 1
"d:\pro_dev\DEV\dse0.1.1\dse_rust\debug\target\debug\.fingerprint\zerocopy-5712696b9154ad4a\lib-zerocopy.json", "JSON", 0, 0, 0, 0, 1, 0, 0, 0, 0, 0, 0, 1
"d:\pro_dev\DEV\dse0.1.1\dse_rust\debug\target\debug\.fingerprint\zerocopy-6bb0c18b94741489\lib-zerocopy.json", "JSON", 0, 0, 0, 0, 1, 0, 0, 0, 0, 0, 0, 1
"d:\pro_dev\DEV\dse0.1.1\dse_rust\debug\target\debug\.fingerprint\zerocopy-77b571ae8ead1b7c\lib-zerocopy.json", "JSON", 0, 0, 0, 0, 1, 0, 0, 0, 0, 0, 0, 1
"d:\pro_dev\DEV\dse0.1.1\dse_rust\debug\target\debug\build\clang-sys-8f3b0d241a14f295\out\common.rs", "Rust", 0, 0, 232, 0, 0, 0, 0, 0, 0, 80, 44, 356
"d:\pro_dev\DEV\dse0.1.1\dse_rust\debug\target\debug\build\clang-sys-8f3b0d241a14f295\out\dynamic.rs", "Rust", 0, 0, 177, 0, 0, 0, 0, 0, 0, 58, 42, 277
"d:\pro_dev\DEV\dse0.1.1\dse_rust\debug\target\debug\build\clang-sys-8f3b0d241a14f295\out\macros.rs", "Rust", 0, 0, 43, 0, 0, 0, 0, 0, 0, 1, 6, 50
"d:\pro_dev\DEV\dse0.1.1\dse_rust\debug\workspace.code-workspace", "JSON with Comments", 0, 0, 0, 0, 0, 3, 0, 0, 0, 0, 0, 3
"d:\pro_dev\DEV\dse0.1.1\dse_rust\doc\LearnMD.md", "Markdown", 109, 0, 0, 0, 0, 0, 0, 0, 0, 0, 59, 168
"d:\pro_dev\DEV\dse0.1.1\dse_rust\doc\doc\dev doc\engine\.md", "Markdown", 6, 0, 0, 0, 0, 0, 0, 0, 0, 0, 3, 9
"d:\pro_dev\DEV\dse0.1.1\dse_rust\doc\doc\dev doc\game doc\achievemen\.md", "Markdown", 77, 0, 0, 0, 0, 0, 0, 0, 0, 0, 4, 81
"d:\pro_dev\DEV\dse0.1.1\dse_rust\doc\doc\dev doc\history\.html", "HTML", 0, 697, 0, 0, 0, 0, 0, 0, 0, 0, 76, 773
"d:\pro_dev\DEV\dse0.1.1\dse_rust\doc\doc\dev doc\.md", "Markdown", 406, 0, 0, 0, 0, 0, 0, 0, 0, 0, 33, 439
"d:\pro_dev\DEV\dse0.1.1\dse_rust\doc\doc\page.md", "Markdown", 107, 0, 0, 0, 0, 0, 0, 0, 0, 0, 57, 164
"Total", "-", 714, 697, 85588, 933, 497, 3, 9, 161, 14, 1746, 2176, 92538